ciudad,pais,latitud,longitud,temperatura,sensacion_termica,humedad,velocidad_viento,descripcion,codigo_tiempo,fecha_extraccion
Mexico City,Mexico,19.4326,-99.1332,29.1,29.2,48,11.1,Partly cloudy,116,2026-04-08T11:48:01.018551
Lima,Peru,-12.0464,-77.0428,17.9,19.8,77,9.4,Partly cloudy,116,2026-03-31T06:12:01.018774
Tokyo,Japan,35.6895,139.6917,22.5,23.2,75,11.4,Cloudy,119,2026-04-05T05:20:01.019013
Miami,USA,25.7617,-80.1918,26.5,27.4,66,16.3,Overcast,122,2026-04-02T07:35:01.019113
Bogota,Colombia,4.711,-74.0721,16.5,14.9,80,7.3,Light drizzle,266,2026-03-24T00:56:01.019188
Medellin,Colombia,6.2442,-75.5812,26.2,26.1,62,3.7,Partly cloudy,116,2026-03-26T05:33:01.019262
Sao Paulo,Brazil,-23.5505,-46.6333,23.9,25.4,73,8.9,Cloudy,119,2026-04-13T23:26:01.019321
Cali,Colombia,3.4516,-76.532,27.5,23.9,82,8.6,Cloudy,119,2026-03-25T18:39:01.019416
Bogota,Colombia,4.711,-74.0721,19.5,19.1,87,12.2,Patchy snow showers,392,2026-03-21T03:01:01.019469
Tokyo,Japan,35.6895,139.6917,19.2,19.2,70,8.8,Patchy rain nearby,176,2026-04-10T00:05:01.019513
Miami,USA,25.7617,-80.1918,27.5,28.4,79,9.7,Patchy rain nearby,176,2026-04-11T17:57:01.019554
London,UK,51.5074,-0.1278,15.6,16.3,62,9.3,Overcast,122,2026-04-09T06:40:01.019594
Bogota,Colombia,4.711,-74.0721,25.3,23.9,88,10.4,Partly cloudy,116,2026-03-20T15:21:01.019634
Miami,USA,25.7617,-80.1918,27.7,27.8,84,7.6,Partly cloudy,116,2026-04-12T03:20:01.019673
London,UK,51.5074,-0.1278,14.0,13.5,73,7.3,Cloudy,119,2026-03-20T09:36:01.019712
Cartagena,Colombia,10.391,-75.4794,24.3,23.4,95,19.3,Overcast,122,2026-03-21T08:46:01.019751
Sao Paulo,Brazil,-23.5505,-46.6333,23.9,21.4,86,19.6,Sunny,113,2026-03-17T07:27:01.019791
Madrid,Spain,40.4168,-3.7038,18.1,16.5,80,14.5,Patchy rain nearby,176,2026-04-15T08:21:01.019841
Tokyo,Japan,35.6895,139.6917,22.3,24.5,73,7.4,Partly cloudy,116,2026-03-18T05:40:01.019884
Medellin,Colombia,6.2442,-75.5812,20.4,18.0,66,8.7,Partly cloudy,116,2026-04-15T08:17:01.019925
Sao Paulo,Brazil,-23.5505,-46.6333,24.3,21.3,69,9.1,Partly cloudy,116,2026-03-29T22:47:01.019965
Medellin,Colombia,6.2442,-75.5812,25.0,23.9,71,3.0,Cloudy,119,2026-04-11T08:58:01.020004
Barranquilla,Colombia,10.9685,-74.7813,26.7,26.7,93,9.7,Sunny,113,2026-03-21T12:04:01.020043
London,UK,51.5074,-0.1278,18.6,16.7,60,14.9,Sunny,113,2026-04-13T03:39:01.020082
London,UK,51.5074,-0.1278,16.1,19.0,72,9.1,Light drizzle,266,2026-04-05T10:23:01.020121
Cali,Colombia,3.4516,-76.532,28.4,28.5,67,13.8,Thundery outbreaks,200,2026-04-12T01:34:01.020161
Madrid,Spain,40.4168,-3.7038,21.8,16.4,62,10.8,Patchy rain nearby,176,2026-03-29T19:12:01.020210
Barranquilla,Colombia,10.9685,-74.7813,29.1,32.0,77,15.4,Sunny,113,2026-04-05T04:02:01.020272
Mexico City,Mexico,19.4326,-99.1332,24.9,21.8,72,7.8,Patchy snow showers,392,2026-04-01T10:33:01.020311
Cartagena,Colombia,10.391,-75.4794,32.3,31.3,66,6.3,Overcast,122,2026-03-23T02:15:01.020351
Medellin,Colombia,6.2442,-75.5812,23.3,24.3,50,4.1,Cloudy,119,2026-03-21T07:06:01.020390
Lima,Peru,-12.0464,-77.0428,23.5,24.3,70,11.4,Light drizzle,266,2026-03-19T23:07:01.020430
Medellin,Colombia,6.2442,-75.5812,29.0,28.7,73,6.1,Sunny,113,2026-03-17T17:21:01.020470
Sao Paulo,Brazil,-23.5505,-46.6333,21.3,22.2,95,8.5,Overcast,122,2026-04-09T07:38:01.020511
Mexico City,Mexico,19.4326,-99.1332,25.6,27.7,49,15.8,Light rain,293,2026-04-10T05:36:01.020550
Sao Paulo,Brazil,-23.5505,-46.6333,23.0,21.1,85,0.7,Patchy rain nearby,176,2026-03-25T19:00:01.020590
Miami,USA,25.7617,-80.1918,31.0,31.8,72,11.9,Light rain,293,2026-04-04T18:20:01.020629
Bogota,Colombia,4.711,-74.0721,16.4,15.7,72,7.4,Partly cloudy,116,2026-03-26T20:21:01.020679
Miami,USA,25.7617,-80.1918,29.1,30.9,94,19.1,Overcast,122,2026-04-03T13:18:01.020779
Cartagena,Colombia,10.391,-75.4794,29.6,30.3,89,7.0,Sunny,113,2026-03-22T17:35:01.020929
Bogota,Colombia,4.711,-74.0721,28.8,30.4,35,10.6,Moderate rain,302,2026-04-11T14:06:01.020976
Medellin,Colombia,6.2442,-75.5812,25.6,26.6,55,5.7,Thundery outbreaks,200,2026-03-22T16:48:01.021018
Miami,USA,25.7617,-80.1918,27.4,29.1,80,6.2,Cloudy,119,2026-04-12T18:47:01.021058
Miami,USA,25.7617,-80.1918,27.8,26.3,100,19.6,Cloudy,119,2026-04-09T22:10:01.021149
Tokyo,Japan,35.6895,139.6917,23.5,21.2,60,0.5,Heavy rain,308,2026-04-06T03:19:01.021270
Cali,Colombia,3.4516,-76.532,22.8,21.4,89,6.5,Patchy rain nearby,176,2026-03-20T07:47:01.021338
Mexico City,Mexico,19.4326,-99.1332,22.0,18.2,48,14.8,Light rain,293,2026-04-07T22:25:01.021382
Mexico City,Mexico,19.4326,-99.1332,28.1,26.1,89,5.2,Sunny,113,2026-04-02T00:04:01.021616
Mexico City,Mexico,19.4326,-99.1332,19.7,23.5,45,1.4,Patchy rain nearby,176,2026-04-08T23:24:01.021672
Cartagena,Colombia,10.391,-75.4794,33.0,34.2,89,10.8,Overcast,122,2026-03-21T18:51:01.021713
Lima,Peru,-12.0464,-77.0428,22.4,25.1,78,12.2,Patchy snow showers,392,2026-04-11T13:22:01.021753
Cali,Colombia,3.4516,-76.532,26.3,26.9,63,15.9,Light rain,293,2026-03-21T17:23:01.021792
Sao Paulo,Brazil,-23.5505,-46.6333,25.6,25.5,89,18.6,Heavy rain,308,2026-03-19T20:32:01.021831
Bogota,Colombia,4.711,-74.0721,19.8,23.2,64,19.4,Sunny,113,2026-03-23T20:59:01.021871
Bogota,Colombia,4.711,-74.0721,15.6,17.2,68,10.9,Overcast,122,2026-04-01T16:40:01.021996
Madrid,Spain,40.4168,-3.7038,14.5,16.2,58,9.8,Partly cloudy,116,2026-03-17T17:55:01.022073
Medellin,Colombia,6.2442,-75.5812,27.3,26.5,68,5.5,Sunny,113,2026-03-30T04:18:01.022118
Medellin,Colombia,6.2442,-75.5812,24.1,26.4,67,8.2,Sunny,113,2026-04-10T06:02:01.022188
Madrid,Spain,40.4168,-3.7038,18.3,16.4,80,3.0,Patchy rain nearby,176,2026-04-06T11:21:01.022229
Lima,Peru,-12.0464,-77.0428,17.6,15.5,69,16.3,Sunny,113,2026-04-15T02:34:01.022268
Sao Paulo,Brazil,-23.5505,-46.6333,28.4,25.8,89,4.5,Sunny,113,2026-03-26T07:12:01.022306
Tokyo,Japan,35.6895,139.6917,20.8,20.3,74,8.3,Overcast,122,2026-03-18T18:50:01.022346
Medellin,Colombia,6.2442,-75.5812,25.7,25.9,78,14.9,Sunny,113,2026-03-24T09:54:01.022385
Miami,USA,25.7617,-80.1918,24.9,21.7,63,16.7,Sunny,113,2026-04-08T01:27:01.022424
Cartagena,Colombia,10.391,-75.4794,25.8,27.7,100,15.8,Cloudy,119,2026-04-15T19:46:01.022465
Miami,USA,25.7617,-80.1918,27.1,24.2,71,11.9,Moderate rain,302,2026-03-31T06:35:01.022511
Sao Paulo,Brazil,-23.5505,-46.6333,25.9,23.7,79,0.3,Partly cloudy,116,2026-04-09T00:59:01.022659
Mexico City,Mexico,19.4326,-99.1332,21.6,20.3,62,9.9,Partly cloudy,116,2026-03-30T00:41:01.022771
Mexico City,Mexico,19.4326,-99.1332,35.0,35.4,81,8.3,Overcast,122,2026-03-20T05:24:01.022817
Mexico City,Mexico,19.4326,-99.1332,24.9,29.5,76,3.7,Light drizzle,266,2026-03-20T22:26:01.022869
Bogota,Colombia,4.711,-74.0721,24.5,24.1,54,7.3,Cloudy,119,2026-04-07T07:14:01.022909
Madrid,Spain,40.4168,-3.7038,12.3,9.1,69,4.7,Light drizzle,266,2026-04-07T05:05:01.022948
Tokyo,Japan,35.6895,139.6917,15.9,16.2,69,12.5,Patchy snow showers,392,2026-03-24T14:13:01.022988
Sao Paulo,Brazil,-23.5505,-46.6333,27.0,30.4,62,7.5,Partly cloudy,116,2026-03-19T04:43:01.023026
Madrid,Spain,40.4168,-3.7038,22.8,20.6,73,7.7,Cloudy,119,2026-04-15T18:33:01.023064
Cali,Colombia,3.4516,-76.532,25.6,28.3,68,0.2,Partly cloudy,116,2026-04-12T01:55:01.023103
Medellin,Colombia,6.2442,-75.5812,30.9,31.8,65,1.1,Patchy rain nearby,176,2026-04-03T13:48:01.023142
Cartagena,Colombia,10.391,-75.4794,30.8,33.4,86,8.3,Cloudy,119,2026-04-08T07:10:01.023193
Lima,Peru,-12.0464,-77.0428,24.0,26.1,60,10.1,Patchy rain nearby,176,2026-03-27T19:16:01.023234
London,UK,51.5074,-0.1278,20.4,18.2,40,1.8,Partly cloudy,116,2026-04-03T13:47:01.023273
Cartagena,Colombia,10.391,-75.4794,29.0,27.6,100,17.6,Partly cloudy,116,2026-03-28T03:16:01.023313
Madrid,Spain,40.4168,-3.7038,15.2,15.9,69,4.3,Heavy rain,308,2026-04-01T14:50:01.023352
Cartagena,Colombia,10.391,-75.4794,31.6,32.9,90,14.9,Moderate rain,302,2026-03-26T22:35:01.023390
Miami,USA,25.7617,-80.1918,32.9,33.7,82,8.5,Light drizzle,266,2026-04-09T06:29:01.023428
Madrid,Spain,40.4168,-3.7038,18.1,17.2,34,9.7,Cloudy,119,2026-03-21T23:29:01.023467
Madrid,Spain,40.4168,-3.7038,9.0,11.3,57,13.4,Heavy rain,308,2026-04-11T22:23:01.023506
Miami,USA,25.7617,-80.1918,31.6,32.6,72,13.2,Sunny,113,2026-04-05T16:09:01.023553
Bogota,Colombia,4.711,-74.0721,14.6,14.7,77,6.9,Light drizzle,266,2026-03-24T00:24:01.023615
Miami,USA,25.7617,-80.1918,28.5,27.0,68,13.8,Thundery outbreaks,200,2026-04-04T01:25:01.023655
Miami,USA,25.7617,-80.1918,34.0,36.5,86,15.0,Cloudy,119,2026-04-13T14:58:01.023694
Cali,Colombia,3.4516,-76.532,32.5,31.1,80,4.9,Partly cloudy,116,2026-04-15T09:16:01.023732
Lima,Peru,-12.0464,-77.0428,26.1,23.7,69,6.6,Light drizzle,266,2026-03-20T15:03:01.023771
Cali,Colombia,3.4516,-76.532,27.1,27.0,73,9.5,Heavy rain,308,2026-04-08T14:15:01.023811
Lima,Peru,-12.0464,-77.0428,17.3,14.3,72,14.3,Sunny,113,2026-03-19T17:27:01.023851
Bogota,Colombia,4.711,-74.0721,16.2,15.4,67,2.7,Overcast,122,2026-04-08T19:29:01.023891
Miami,USA,25.7617,-80.1918,27.7,28.1,55,8.7,Sunny,113,2026-04-02T17:04:01.023930
Miami,USA,25.7617,-80.1918,31.0,27.6,78,4.5,Patchy rain nearby,176,2026-04-08T03:59:01.023968
Cali,Colombia,3.4516,-76.532,19.2,16.9,56,8.3,Overcast,122,2026-04-10T03:04:01.024017
Bogota,Colombia,4.711,-74.0721,12.3,11.2,84,3.4,Sunny,113,2026-04-03T01:55:01.024055
Tokyo,Japan,35.6895,139.6917,23.1,19.2,52,9.4,Light rain,293,2026-04-15T08:50:01.024151
Cali,Colombia,3.4516,-76.532,22.3,21.9,64,10.8,Patchy rain nearby,176,2026-03-29T07:06:01.024210
Madrid,Spain,40.4168,-3.7038,16.2,18.5,38,11.9,Sunny,113,2026-04-08T02:31:01.024251
Medellin,Colombia,6.2442,-75.5812,21.6,20.5,61,6.2,Partly cloudy,116,2026-03-21T03:12:01.024291
London,UK,51.5074,-0.1278,12.5,13.3,53,19.6,Overcast,122,2026-04-09T22:09:01.024329
London,UK,51.5074,-0.1278,14.3,13.6,71,17.1,Partly cloudy,116,2026-04-08T08:05:01.024368
Mexico City,Mexico,19.4326,-99.1332,25.7,22.6,69,1.6,Light drizzle,266,2026-03-29T10:13:01.024406
Bogota,Colombia,4.711,-74.0721,13.9,12.4,84,0.6,Sunny,113,2026-03-17T23:07:01.024511
Tokyo,Japan,35.6895,139.6917,24.3,25.7,67,3.7,Partly cloudy,116,2026-04-04T20:54:01.024585
Barranquilla,Colombia,10.9685,-74.7813,30.0,31.8,71,16.9,Heavy rain,308,2026-04-06T03:14:01.024628
Bogota,Colombia,4.711,-74.0721,8.3,8.0,74,7.9,Light drizzle,266,2026-03-27T15:50:01.024670
Medellin,Colombia,6.2442,-75.5812,27.2,26.3,88,13.0,Cloudy,119,2026-04-14T01:15:01.024710
Medellin,Colombia,6.2442,-75.5812,15.1,16.3,64,3.5,Patchy rain nearby,176,2026-04-15T04:18:01.024759
Cali,Colombia,3.4516,-76.532,22.6,24.4,63,13.4,Cloudy,119,2026-03-31T18:26:01.024836
Bogota,Colombia,4.711,-74.0721,20.1,19.9,58,1.5,Overcast,122,2026-03-25T15:22:01.024889
Sao Paulo,Brazil,-23.5505,-46.6333,21.4,20.6,100,8.4,Sunny,113,2026-04-14T03:24:01.024961
Lima,Peru,-12.0464,-77.0428,13.0,11.7,75,7.9,Patchy rain nearby,176,2026-03-27T08:55:01.025064
Tokyo,Japan,35.6895,139.6917,20.4,19.3,42,9.6,Sunny,113,2026-03-19T02:15:01.025201
Cali,Colombia,3.4516,-76.532,29.8,30.1,71,1.0,Sunny,113,2026-03-23T10:00:01.025322
Mexico City,Mexico,19.4326,-99.1332,28.3,27.6,65,1.0,Partly cloudy,116,2026-03-24T13:11:01.025381
Tokyo,Japan,35.6895,139.6917,18.8,20.2,68,14.3,Cloudy,119,2026-03-19T04:49:01.025433
Bogota,Colombia,4.711,-74.0721,22.4,21.7,67,17.2,Heavy rain,308,2026-03-27T22:38:01.025474
Tokyo,Japan,35.6895,139.6917,21.0,20.2,66,2.3,Patchy rain nearby,176,2026-03-31T18:53:01.025514
Cartagena,Colombia,10.391,-75.4794,34.5,34.6,76,16.3,Light rain,293,2026-04-02T11:00:01.025553
Bogota,Colombia,4.711,-74.0721,13.2,11.4,65,0.0,Overcast,122,2026-03-25T18:28:01.025591
Barranquilla,Colombia,10.9685,-74.7813,25.8,25.2,72,5.1,Partly cloudy,116,2026-04-12T12:36:01.025630
Bogota,Colombia,4.711,-74.0721,15.3,18.3,68,11.1,Sunny,113,2026-04-11T00:56:01.025668
Cali,Colombia,3.4516,-76.532,24.0,24.4,76,5.6,Moderate rain,302,2026-03-27T18:05:01.025707
Madrid,Spain,40.4168,-3.7038,13.3,17.3,48,13.4,Overcast,122,2026-03-19T02:43:01.025757
Madrid,Spain,40.4168,-3.7038,16.9,18.1,73,8.9,Overcast,122,2026-04-10T23:40:01.025797
Medellin,Colombia,6.2442,-75.5812,27.7,24.5,76,12.4,Partly cloudy,116,2026-04-09T05:30:01.025838
Barranquilla,Colombia,10.9685,-74.7813,35.3,37.4,98,10.6,Light drizzle,266,2026-04-13T14:05:01.025877
Tokyo,Japan,35.6895,139.6917,23.7,27.9,51,8.1,Sunny,113,2026-03-29T19:06:01.025918
Cali,Colombia,3.4516,-76.532,24.1,24.2,74,16.8,Partly cloudy,116,2026-03-21T15:48:01.025973
Miami,USA,25.7617,-80.1918,22.6,24.0,77,8.9,Patchy rain nearby,176,2026-03-26T03:54:01.026017
Lima,Peru,-12.0464,-77.0428,23.7,23.7,87,13.3,Cloudy,119,2026-04-07T07:03:01.026056
Bogota,Colombia,4.711,-74.0721,13.2,13.8,88,5.5,Sunny,113,2026-04-01T13:15:01.026093
Sao Paulo,Brazil,-23.5505,-46.6333,29.4,30.4,81,4.5,Partly cloudy,116,2026-04-13T16:12:01.026131
Sao Paulo,Brazil,-23.5505,-46.6333,19.4,20.2,71,5.2,Sunny,113,2026-03-24T05:41:01.026180
Cali,Colombia,3.4516,-76.532,19.7,20.2,76,7.7,Thundery outbreaks,200,2026-04-13T00:48:01.026221
Miami,USA,25.7617,-80.1918,22.2,22.0,72,19.8,Sunny,113,2026-03-27T03:42:01.026259
Tokyo,Japan,35.6895,139.6917,14.6,15.9,53,12.9,Sunny,113,2026-04-01T19:24:01.026395
Madrid,Spain,40.4168,-3.7038,15.5,18.6,57,3.8,Sunny,113,2026-03-28T04:53:01.026457
Cali,Colombia,3.4516,-76.532,19.3,19.0,50,13.6,Partly cloudy,116,2026-04-07T18:18:01.026499
London,UK,51.5074,-0.1278,19.3,19.1,79,9.7,Patchy rain nearby,176,2026-04-07T19:28:01.026539
Miami,USA,25.7617,-80.1918,38.8,38.2,67,10.2,Partly cloudy,116,2026-04-14T03:34:01.026577
Medellin,Colombia,6.2442,-75.5812,21.6,23.6,62,18.9,Partly cloudy,116,2026-04-09T10:32:01.026616
Sao Paulo,Brazil,-23.5505,-46.6333,29.0,30.9,100,8.0,Sunny,113,2026-04-13T11:04:01.026655
Medellin,Colombia,6.2442,-75.5812,18.5,18.1,69,13.6,Overcast,122,2026-03-16T23:54:01.026704
Cali,Colombia,3.4516,-76.532,30.1,30.4,87,8.0,Light drizzle,266,2026-03-16T09:25:01.026745
Medellin,Colombia,6.2442,-75.5812,20.9,21.8,46,21.5,Moderate rain,302,2026-04-08T12:47:01.026788
Cali,Colombia,3.4516,-76.532,22.7,21.5,100,9.6,Heavy snow,395,2026-03-31T00:28:01.026828
Barranquilla,Colombia,10.9685,-74.7813,33.5,33.3,61,10.7,Cloudy,119,2026-04-06T17:47:01.026867
Tokyo,Japan,35.6895,139.6917,23.7,24.4,55,0.5,Sunny,113,2026-04-12T20:23:01.026905
Medellin,Colombia,6.2442,-75.5812,24.5,25.4,83,23.1,Sunny,113,2026-03-21T11:05:01.026953
Medellin,Colombia,6.2442,-75.5812,22.8,24.1,45,9.4,Moderate rain,302,2026-04-10T04:01:01.026993
London,UK,51.5074,-0.1278,9.6,7.6,78,7.8,Sunny,113,2026-03-25T00:55:01.027031
Bogota,Colombia,4.711,-74.0721,12.9,14.3,82,8.6,Partly cloudy,116,2026-04-10T14:25:01.027069
Madrid,Spain,40.4168,-3.7038,25.5,25.3,70,0.2,Cloudy,119,2026-04-14T11:34:01.027299
Cali,Colombia,3.4516,-76.532,27.3,27.1,67,3.7,Sunny,113,2026-03-16T23:31:01.027354
London,UK,51.5074,-0.1278,14.0,18.3,80,9.6,Cloudy,119,2026-03-26T12:53:01.027397
Sao Paulo,Brazil,-23.5505,-46.6333,23.2,21.9,100,5.7,Cloudy,119,2026-03-18T08:38:01.027436
Medellin,Colombia,6.2442,-75.5812,21.9,23.5,70,4.7,Heavy rain,308,2026-04-13T03:10:01.027476
Tokyo,Japan,35.6895,139.6917,21.7,22.1,61,12.0,Light drizzle,266,2026-04-12T09:05:01.027515
Cartagena,Colombia,10.391,-75.4794,28.9,29.4,75,2.3,Patchy rain nearby,176,2026-03-29T19:54:01.027553
Medellin,Colombia,6.2442,-75.5812,29.1,31.9,68,7.3,Sunny,113,2026-03-18T12:54:01.027591
Bogota,Colombia,4.711,-74.0721,20.7,21.3,78,13.4,Light drizzle,266,2026-03-30T18:42:01.027629
Medellin,Colombia,6.2442,-75.5812,26.8,27.3,57,4.8,Sunny,113,2026-03-17T13:25:01.027667
Bogota,Colombia,4.711,-74.0721,20.2,22.2,88,10.7,Light rain,293,2026-03-23T11:22:01.027719
Mexico City,Mexico,19.4326,-99.1332,27.3,23.7,82,9.7,Patchy snow showers,392,2026-04-06T19:58:01.027759
London,UK,51.5074,-0.1278,11.1,11.7,70,18.8,Sunny,113,2026-04-05T15:39:01.027798
Sao Paulo,Brazil,-23.5505,-46.6333,31.1,31.0,71,15.5,Partly cloudy,116,2026-04-12T21:06:01.027846
Lima,Peru,-12.0464,-77.0428,20.2,17.5,66,8.2,Overcast,122,2026-03-28T22:59:01.027886
Cali,Colombia,3.4516,-76.532,22.0,19.8,74,9.0,Thundery outbreaks,200,2026-03-16T15:36:01.027925
Cali,Colombia,3.4516,-76.532,29.8,28.0,71,4.8,Overcast,122,2026-03-25T18:06:01.027965
Sao Paulo,Brazil,-23.5505,-46.6333,25.5,21.1,83,12.2,Cloudy,119,2026-03-23T17:10:01.028003
Mexico City,Mexico,19.4326,-99.1332,26.0,27.9,65,6.0,Cloudy,119,2026-04-02T04:13:01.028042
Miami,USA,25.7617,-80.1918,29.5,30.5,83,10.9,Partly cloudy,116,2026-04-06T08:52:01.028080
Bogota,Colombia,4.711,-74.0721,19.8,14.1,74,11.8,Light drizzle,266,2026-04-07T08:47:01.028173
Miami,USA,25.7617,-80.1918,29.9,30.5,56,15.3,Sunny,113,2026-03-28T05:46:01.028248
Tokyo,Japan,35.6895,139.6917,12.1,10.5,73,5.9,Cloudy,119,2026-04-15T03:43:01.028291
Madrid,Spain,40.4168,-3.7038,15.4,15.7,63,13.1,Partly cloudy,116,2026-04-09T17:21:01.028331
Madrid,Spain,40.4168,-3.7038,21.9,20.0,56,12.9,Overcast,122,2026-03-25T18:09:01.028371
Sao Paulo,Brazil,-23.5505,-46.6333,23.8,26.5,90,15.4,Light drizzle,266,2026-03-16T00:25:01.028412
Sao Paulo,Brazil,-23.5505,-46.6333,30.4,30.0,64,12.4,Overcast,122,2026-03-30T15:00:01.028451
Miami,USA,25.7617,-80.1918,30.3,30.8,91,12.7,Sunny,113,2026-04-01T05:04:01.028489
Lima,Peru,-12.0464,-77.0428,25.5,25.6,100,13.9,Partly cloudy,116,2026-03-16T04:11:01.028528
Tokyo,Japan,35.6895,139.6917,22.2,23.0,68,12.1,Moderate rain,302,2026-04-10T18:10:01.028567
Sao Paulo,Brazil,-23.5505,-46.6333,28.0,26.1,84,2.9,Sunny,113,2026-04-07T09:40:01.028715
Miami,USA,25.7617,-80.1918,28.0,27.5,79,12.6,Partly cloudy,116,2026-03-25T09:43:01.028843
Barranquilla,Colombia,10.9685,-74.7813,25.7,27.0,85,12.8,Cloudy,119,2026-03-26T09:25:01.028913
Lima,Peru,-12.0464,-77.0428,12.9,11.8,100,7.9,Partly cloudy,116,2026-04-08T20:42:01.028978
Medellin,Colombia,6.2442,-75.5812,18.4,17.2,66,14.8,Light rain,293,2026-04-03T22:12:01.029040
Mexico City,Mexico,19.4326,-99.1332,24.5,25.2,80,11.3,Sunny,113,2026-03-17T15:56:01.029193
London,UK,51.5074,-0.1278,11.8,13.4,83,9.2,Patchy rain nearby,176,2026-03-17T14:10:01.029269
Tokyo,Japan,35.6895,139.6917,24.3,25.8,63,7.4,Sunny,113,2026-04-07T01:47:01.029312
Barranquilla,Colombia,10.9685,-74.7813,30.3,30.1,81,12.0,Light drizzle,266,2026-04-06T10:44:01.029393
Bogota,Colombia,4.711,-74.0721,16.9,19.1,83,10.5,Sunny,113,2026-03-19T06:44:01.029530
Tokyo,Japan,35.6895,139.6917,20.4,23.1,65,12.7,Heavy rain,308,2026-03-25T10:41:01.029700
Mexico City,Mexico,19.4326,-99.1332,27.3,26.2,76,8.8,Sunny,113,2026-04-01T18:33:01.029758
Sao Paulo,Brazil,-23.5505,-46.6333,26.9,25.9,72,14.7,Sunny,113,2026-04-09T03:29:01.029800
Tokyo,Japan,35.6895,139.6917,26.9,29.1,78,11.0,Partly cloudy,116,2026-03-19T08:29:01.029839
Cartagena,Colombia,10.391,-75.4794,37.0,39.2,90,16.9,Overcast,122,2026-04-07T15:58:01.029883
Barranquilla,Colombia,10.9685,-74.7813,21.5,21.5,52,13.2,Cloudy,119,2026-04-03T11:44:01.029922
Bogota,Colombia,4.711,-74.0721,16.7,18.6,66,16.1,Partly cloudy,116,2026-03-29T22:16:01.029961
Sao Paulo,Brazil,-23.5505,-46.6333,20.6,21.4,80,14.9,Light drizzle,266,2026-03-21T17:20:01.030087
Barranquilla,Colombia,10.9685,-74.7813,25.5,24.5,73,15.6,Overcast,122,2026-03-21T17:19:01.030145
Sao Paulo,Brazil,-23.5505,-46.6333,21.4,22.3,66,8.5,Cloudy,119,2026-04-13T02:36:01.030185
Cali,Colombia,3.4516,-76.532,26.8,26.6,60,15.5,Partly cloudy,116,2026-03-16T19:00:01.030235
Tokyo,Japan,35.6895,139.6917,20.8,18.5,78,4.4,Partly cloudy,116,2026-03-18T21:46:01.030275
Mexico City,Mexico,19.4326,-99.1332,25.8,23.9,44,15.7,Overcast,122,2026-03-23T08:50:01.030314
Cali,Colombia,3.4516,-76.532,31.9,35.3,78,9.5,Cloudy,119,2026-03-18T17:20:01.030371
Madrid,Spain,40.4168,-3.7038,13.2,12.8,52,1.4,Partly cloudy,116,2026-03-20T22:37:01.030442
Madrid,Spain,40.4168,-3.7038,11.5,12.4,67,10.5,Sunny,113,2026-03-20T09:48:01.030492
Cartagena,Colombia,10.391,-75.4794,25.2,26.5,71,13.4,Partly cloudy,116,2026-03-24T21:58:01.030533
Barranquilla,Colombia,10.9685,-74.7813,37.1,36.7,70,18.1,Light drizzle,266,2026-04-13T07:27:01.030573
Medellin,Colombia,6.2442,-75.5812,22.7,23.9,96,4.9,Partly cloudy,116,2026-03-27T11:55:01.030612
Mexico City,Mexico,19.4326,-99.1332,23.9,24.5,76,18.3,Overcast,122,2026-03-24T23:52:01.030651
Bogota,Colombia,4.711,-74.0721,20.9,22.5,79,14.4,Sunny,113,2026-03-24T07:38:01.030703
Lima,Peru,-12.0464,-77.0428,25.2,23.2,87,16.3,Partly cloudy,116,2026-03-22T17:46:01.030743
Tokyo,Japan,35.6895,139.6917,20.0,18.5,55,4.4,Moderate rain,302,2026-04-09T01:36:01.030782
Mexico City,Mexico,19.4326,-99.1332,24.3,20.3,48,7.3,Patchy rain nearby,176,2026-03-29T14:21:01.030821
Sao Paulo,Brazil,-23.5505,-46.6333,27.5,28.6,62,7.6,Partly cloudy,116,2026-04-05T04:29:01.030860
Mexico City,Mexico,19.4326,-99.1332,22.7,23.9,50,13.9,Moderate rain,302,2026-04-05T07:00:01.030911
London,UK,51.5074,-0.1278,16.1,14.6,79,14.6,Light rain,293,2026-03-26T00:27:01.030952
Cartagena,Colombia,10.391,-75.4794,28.5,26.2,75,3.6,Partly cloudy,116,2026-04-12T15:21:01.030991
Madrid,Spain,40.4168,-3.7038,18.5,17.4,57,0.6,Moderate rain,302,2026-03-28T09:51:01.031031
Medellin,Colombia,6.2442,-75.5812,21.4,21.5,63,12.6,Sunny,113,2026-04-07T11:24:01.031069
Barranquilla,Colombia,10.9685,-74.7813,30.6,30.6,90,9.4,Cloudy,119,2026-04-07T11:44:01.031116
London,UK,51.5074,-0.1278,14.0,13.1,62,14.4,Partly cloudy,116,2026-04-05T18:10:01.031155
Bogota,Colombia,4.711,-74.0721,21.1,18.9,74,9.6,Moderate rain,302,2026-03-16T19:58:01.031194
Tokyo,Japan,35.6895,139.6917,23.5,28.1,74,7.3,Thundery outbreaks,200,2026-03-28T11:54:01.031233
Mexico City,Mexico,19.4326,-99.1332,19.8,17.7,60,6.8,Overcast,122,2026-03-21T13:45:01.031271
Tokyo,Japan,35.6895,139.6917,16.9,15.9,34,1.7,Sunny,113,2026-04-07T18:19:01.031310
Cali,Colombia,3.4516,-76.532,25.6,24.5,100,3.5,Partly cloudy,116,2026-04-12T16:46:01.031351
Cali,Colombia,3.4516,-76.532,26.3,24.6,68,7.1,Partly cloudy,116,2026-03-22T13:08:01.031390
Tokyo,Japan,35.6895,139.6917,22.5,24.3,65,0.2,Patchy rain nearby,176,2026-04-01T06:46:01.031429
Madrid,Spain,40.4168,-3.7038,12.8,17.0,48,16.9,Cloudy,119,2026-04-08T01:47:01.031468
Cali,Colombia,3.4516,-76.532,28.8,24.3,86,16.1,Sunny,113,2026-04-09T04:51:01.031531
Madrid,Spain,40.4168,-3.7038,18.5,17.8,49,8.4,Patchy rain nearby,176,2026-03-25T03:32:01.031570
Mexico City,Mexico,19.4326,-99.1332,21.9,19.3,63,2.8,Light rain,293,2026-03-16T19:46:01.031618
Cali,Colombia,3.4516,-76.532,25.3,24.8,95,0.9,Thundery outbreaks,200,2026-03-22T16:34:01.031657
Lima,Peru,-12.0464,-77.0428,22.6,25.3,65,14.7,Cloudy,119,2026-04-10T11:42:01.031695
Miami,USA,25.7617,-80.1918,31.8,33.9,79,19.2,Partly cloudy,116,2026-04-11T11:28:01.031934
Medellin,Colombia,6.2442,-75.5812,21.0,17.8,67,6.1,Sunny,113,2026-04-13T15:08:01.032051
Madrid,Spain,40.4168,-3.7038,6.9,7.0,56,3.9,Patchy rain nearby,176,2026-04-15T00:23:01.032130
Bogota,Colombia,4.711,-74.0721,21.3,21.1,62,5.4,Cloudy,119,2026-04-12T21:42:01.032191
Miami,USA,25.7617,-80.1918,29.5,28.6,84,6.7,Light rain,293,2026-04-14T06:05:01.032254
Medellin,Colombia,6.2442,-75.5812,16.2,19.5,83,3.9,Cloudy,119,2026-04-05T19:20:01.032343
Tokyo,Japan,35.6895,139.6917,22.7,23.5,73,20.1,Patchy rain nearby,176,2026-04-10T03:59:01.032400
Bogota,Colombia,4.711,-74.0721,19.2,18.3,61,6.9,Heavy rain,308,2026-04-03T15:29:01.032456
Miami,USA,25.7617,-80.1918,30.7,28.4,58,14.8,Partly cloudy,116,2026-03-17T10:32:01.032513
Lima,Peru,-12.0464,-77.0428,23.9,23.1,70,19.6,Partly cloudy,116,2026-03-18T07:00:01.032575
Lima,Peru,-12.0464,-77.0428,16.9,14.8,82,19.0,Patchy snow showers,392,2026-03-23T12:01:01.032619
Medellin,Colombia,6.2442,-75.5812,17.5,19.1,54,9.2,Cloudy,119,2026-04-15T13:05:01.032660
Tokyo,Japan,35.6895,139.6917,13.5,12.4,71,17.1,Light drizzle,266,2026-03-17T19:24:01.032700
Cartagena,Colombia,10.391,-75.4794,33.0,33.8,82,17.6,Cloudy,119,2026-04-04T01:14:01.032741
Medellin,Colombia,6.2442,-75.5812,15.6,15.0,75,7.5,Sunny,113,2026-03-21T23:03:01.032803
London,UK,51.5074,-0.1278,20.0,24.0,66,9.1,Sunny,113,2026-03-21T07:41:01.032912
Miami,USA,25.7617,-80.1918,30.1,29.9,82,6.4,Light drizzle,266,2026-03-25T19:56:01.032989
Cartagena,Colombia,10.391,-75.4794,26.4,30.8,100,6.6,Patchy rain nearby,176,2026-04-02T07:08:01.033033
Barranquilla,Colombia,10.9685,-74.7813,28.5,29.7,87,12.9,Partly cloudy,116,2026-04-07T07:54:01.033073
Cartagena,Colombia,10.391,-75.4794,28.9,28.5,89,9.7,Cloudy,119,2026-03-28T12:05:01.033248
Madrid,Spain,40.4168,-3.7038,14.2,14.4,56,3.4,Overcast,122,2026-03-30T00:13:01.033317
Sao Paulo,Brazil,-23.5505,-46.6333,26.7,27.0,92,17.1,Cloudy,119,2026-03-22T10:33:01.033527
Tokyo,Japan,35.6895,139.6917,23.7,20.2,62,1.3,Partly cloudy,116,2026-04-08T13:47:01.033801
Lima,Peru,-12.0464,-77.0428,23.7,23.2,84,15.2,Sunny,113,2026-03-24T17:50:01.033870
Cali,Colombia,3.4516,-76.532,30.6,31.0,74,2.2,Moderate rain,302,2026-04-02T18:57:01.033914
Bogota,Colombia,4.711,-74.0721,23.3,23.8,95,13.0,Overcast,122,2026-04-05T10:33:01.034178
Barranquilla,Colombia,10.9685,-74.7813,25.7,23.6,74,8.9,Sunny,113,2026-04-10T03:19:01.034258
Madrid,Spain,40.4168,-3.7038,23.6,22.9,59,0.8,Sunny,113,2026-03-31T23:17:01.034307
Tokyo,Japan,35.6895,139.6917,22.9,28.4,70,2.1,Sunny,113,2026-03-17T07:46:01.034349
Medellin,Colombia,6.2442,-75.5812,23.6,27.8,75,11.2,Thundery outbreaks,200,2026-04-11T09:46:01.034390
London,UK,51.5074,-0.1278,10.5,8.9,84,11.5,Cloudy,119,2026-03-20T01:26:01.034439
Madrid,Spain,40.4168,-3.7038,14.2,16.5,63,5.3,Partly cloudy,116,2026-03-25T10:41:01.034479
Miami,USA,25.7617,-80.1918,11.5,8.2,71,23.6,Partly cloudy,116,2026-03-17T01:16:01.034519
Miami,USA,25.7617,-80.1918,20.7,20.7,93,17.2,Sunny,113,2026-03-27T06:36:01.034558
Lima,Peru,-12.0464,-77.0428,17.3,11.9,81,14.1,Thundery outbreaks,200,2026-03-28T01:01:01.034597
Sao Paulo,Brazil,-23.5505,-46.6333,26.5,25.9,88,13.5,Thundery outbreaks,200,2026-03-28T09:13:01.034646
Medellin,Colombia,6.2442,-75.5812,21.2,22.2,73,11.7,Overcast,122,2026-03-31T09:42:01.034686
London,UK,51.5074,-0.1278,15.9,15.9,67,11.0,Partly cloudy,116,2026-04-05T10:02:01.034724
Miami,USA,25.7617,-80.1918,21.8,18.2,91,19.6,Partly cloudy,116,2026-03-23T11:53:01.034763
Lima,Peru,-12.0464,-77.0428,14.3,12.9,86,16.1,Overcast,122,2026-03-30T15:39:01.034812
Madrid,Spain,40.4168,-3.7038,16.4,17.9,51,3.2,Sunny,113,2026-03-23T02:49:01.034851
Barranquilla,Colombia,10.9685,-74.7813,23.0,22.4,66,18.1,Partly cloudy,116,2026-04-06T05:21:01.034953
Medellin,Colombia,6.2442,-75.5812,17.1,15.6,92,11.4,Patchy rain nearby,176,2026-03-30T05:43:01.035005
Madrid,Spain,40.4168,-3.7038,18.0,19.7,57,1.0,Sunny,113,2026-03-31T02:43:01.035046
London,UK,51.5074,-0.1278,14.2,15.3,78,10.5,Heavy rain,308,2026-04-14T16:05:01.035086
London,UK,51.5074,-0.1278,15.3,16.1,79,13.2,Heavy rain,308,2026-04-14T07:18:01.035142
Medellin,Colombia,6.2442,-75.5812,26.5,23.6,68,8.1,Patchy rain nearby,176,2026-03-18T18:33:01.035181
Lima,Peru,-12.0464,-77.0428,21.6,20.9,67,16.6,Sunny,113,2026-03-16T22:54:01.035220
Cali,Colombia,3.4516,-76.532,20.8,22.7,69,11.4,Patchy rain nearby,176,2026-04-07T02:51:01.035259
Medellin,Colombia,6.2442,-75.5812,24.3,24.1,73,19.7,Partly cloudy,116,2026-03-23T23:08:01.035297
Sao Paulo,Brazil,-23.5505,-46.6333,25.8,24.2,79,7.7,Partly cloudy,116,2026-04-13T07:53:01.035335
Miami,USA,25.7617,-80.1918,31.7,31.7,84,16.3,Sunny,113,2026-03-26T19:35:01.035372
Tokyo,Japan,35.6895,139.6917,15.5,14.9,49,6.0,Cloudy,119,2026-03-24T05:08:01.035410
Miami,USA,25.7617,-80.1918,37.0,37.5,87,22.4,Partly cloudy,116,2026-03-19T13:06:01.035449
Madrid,Spain,40.4168,-3.7038,14.5,12.9,60,9.6,Sunny,113,2026-03-20T05:24:01.035487
Madrid,Spain,40.4168,-3.7038,23.7,27.0,44,7.4,Partly cloudy,116,2026-03-21T09:09:01.035536
Tokyo,Japan,35.6895,139.6917,18.0,18.9,84,7.8,Sunny,113,2026-03-17T18:23:01.035653
Lima,Peru,-12.0464,-77.0428,20.8,20.6,60,8.8,Sunny,113,2026-03-16T21:21:01.035699
Madrid,Spain,40.4168,-3.7038,19.8,20.4,49,4.4,Sunny,113,2026-03-18T11:10:01.035739
Madrid,Spain,40.4168,-3.7038,19.4,22.3,70,1.9,Light drizzle,266,2026-03-23T20:22:01.035779
Bogota,Colombia,4.711,-74.0721,15.6,16.6,83,11.4,Sunny,113,2026-03-26T08:38:01.035817
Tokyo,Japan,35.6895,139.6917,19.2,20.8,55,9.7,Partly cloudy,116,2026-03-31T06:41:01.035855
Tokyo,Japan,35.6895,139.6917,22.1,22.7,70,9.0,Patchy rain nearby,176,2026-03-30T08:32:01.035894
Sao Paulo,Brazil,-23.5505,-46.6333,20.7,21.4,70,1.0,Partly cloudy,116,2026-04-06T06:13:01.035933
Miami,USA,25.7617,-80.1918,35.8,37.2,83,15.1,Cloudy,119,2026-04-11T20:48:01.035971
Lima,Peru,-12.0464,-77.0428,24.1,23.1,84,13.3,Cloudy,119,2026-04-04T20:40:01.036025
London,UK,51.5074,-0.1278,12.6,9.9,73,14.2,Heavy rain,308,2026-03-30T18:19:01.036065
Cartagena,Colombia,10.391,-75.4794,29.1,28.3,88,24.0,Cloudy,119,2026-04-10T23:33:01.036104
Barranquilla,Colombia,10.9685,-74.7813,28.4,25.0,59,11.3,Patchy rain nearby,176,2026-04-04T11:10:01.036143
Tokyo,Japan,35.6895,139.6917,21.1,19.9,79,9.8,Sunny,113,2026-03-25T03:07:01.036182
Bogota,Colombia,4.711,-74.0721,15.9,18.8,72,21.0,Light drizzle,266,2026-03-21T19:53:01.036220
Mexico City,Mexico,19.4326,-99.1332,26.4,28.4,69,7.1,Patchy rain nearby,176,2026-03-16T19:45:01.036259
Sao Paulo,Brazil,-23.5505,-46.6333,20.2,22.6,83,13.9,Light rain,293,2026-03-24T16:52:01.036297
Tokyo,Japan,35.6895,139.6917,25.8,27.0,62,1.6,Partly cloudy,116,2026-04-12T04:56:01.036334
London,UK,51.5074,-0.1278,10.0,6.7,79,8.7,Cloudy,119,2026-04-08T02:21:01.036374
Cartagena,Colombia,10.391,-75.4794,26.7,26.0,67,13.5,Partly cloudy,116,2026-04-07T19:22:01.036423
Barranquilla,Colombia,10.9685,-74.7813,32.3,34.5,100,6.6,Thundery outbreaks,200,2026-04-10T04:55:01.036464
Lima,Peru,-12.0464,-77.0428,22.4,23.6,81,11.6,Sunny,113,2026-04-12T18:54:01.036503
Medellin,Colombia,6.2442,-75.5812,32.8,29.9,77,15.6,Overcast,122,2026-04-15T18:09:01.036541
Bogota,Colombia,4.711,-74.0721,16.0,16.6,74,7.5,Light rain,293,2026-04-04T00:48:01.036580
Bogota,Colombia,4.711,-74.0721,10.6,11.0,64,10.4,Sunny,113,2026-04-08T14:40:01.036619
Medellin,Colombia,6.2442,-75.5812,20.9,17.0,55,7.9,Partly cloudy,116,2026-03-29T18:25:01.036681
Tokyo,Japan,35.6895,139.6917,17.9,17.9,58,13.6,Overcast,122,2026-03-22T08:02:01.036720
Madrid,Spain,40.4168,-3.7038,19.5,22.0,43,7.9,Sunny,113,2026-04-08T23:46:01.036759
Miami,USA,25.7617,-80.1918,22.7,21.2,87,16.9,Cloudy,119,2026-03-19T02:14:01.036816
Cali,Colombia,3.4516,-76.532,27.5,28.8,81,5.2,Partly cloudy,116,2026-04-13T18:19:01.036880
Barranquilla,Colombia,10.9685,-74.7813,25.7,26.3,71,16.1,Sunny,113,2026-04-07T19:39:01.036918
Cartagena,Colombia,10.391,-75.4794,31.5,29.7,79,10.6,Moderate rain,302,2026-04-03T06:35:01.036957
Barranquilla,Colombia,10.9685,-74.7813,31.1,32.6,88,14.9,Partly cloudy,116,2026-03-19T17:30:01.036996
Sao Paulo,Brazil,-23.5505,-46.6333,24.3,23.9,88,14.6,Heavy snow,395,2026-04-08T15:40:01.037044
Barranquilla,Colombia,10.9685,-74.7813,24.8,26.3,78,5.8,Moderate rain,302,2026-04-13T02:37:01.037094
Medellin,Colombia,6.2442,-75.5812,23.0,20.7,55,9.2,Partly cloudy,116,2026-04-15T00:06:01.037179
Cartagena,Colombia,10.391,-75.4794,27.6,26.8,77,8.6,Cloudy,119,2026-03-23T00:50:01.037219
Mexico City,Mexico,19.4326,-99.1332,26.2,27.3,58,11.1,Patchy rain nearby,176,2026-03-17T06:05:01.037258
London,UK,51.5074,-0.1278,16.6,14.8,71,12.5,Sunny,113,2026-03-26T22:56:01.037296
Madrid,Spain,40.4168,-3.7038,14.5,16.1,77,3.0,Moderate rain,302,2026-03-21T23:54:01.037352
Cartagena,Colombia,10.391,-75.4794,28.7,30.1,78,9.5,Sunny,113,2026-03-23T06:25:01.037433
Tokyo,Japan,35.6895,139.6917,22.5,22.9,52,6.1,Sunny,113,2026-04-05T06:49:01.037510
Mexico City,Mexico,19.4326,-99.1332,26.4,29.0,63,14.0,Heavy snow,395,2026-03-28T14:54:01.037554
Cali,Colombia,3.4516,-76.532,26.5,22.4,63,1.7,Cloudy,119,2026-03-24T04:21:01.037593
Barranquilla,Colombia,10.9685,-74.7813,34.3,35.5,63,2.5,Light drizzle,266,2026-04-08T05:48:01.037633
Barranquilla,Colombia,10.9685,-74.7813,26.2,25.8,76,10.9,Sunny,113,2026-03-18T17:19:01.037672
Tokyo,Japan,35.6895,139.6917,24.0,22.3,81,9.6,Patchy rain nearby,176,2026-04-12T18:53:01.037711
Madrid,Spain,40.4168,-3.7038,16.0,15.2,54,0.6,Overcast,122,2026-04-01T05:33:01.037750
Mexico City,Mexico,19.4326,-99.1332,24.0,23.3,71,6.6,Patchy snow showers,392,2026-04-07T20:31:01.037789
Barranquilla,Colombia,10.9685,-74.7813,30.1,32.2,57,8.6,Heavy rain,308,2026-03-25T16:28:01.037845
Tokyo,Japan,35.6895,139.6917,26.3,24.9,82,9.7,Thundery outbreaks,200,2026-03-27T06:25:01.037885
Sao Paulo,Brazil,-23.5505,-46.6333,19.2,19.5,69,15.9,Sunny,113,2026-03-19T22:21:01.037923
Barranquilla,Colombia,10.9685,-74.7813,32.3,31.3,74,12.6,Thundery outbreaks,200,2026-03-23T23:00:01.037961
Tokyo,Japan,35.6895,139.6917,14.1,16.6,83,3.8,Patchy rain nearby,176,2026-04-14T12:41:01.038000
Mexico City,Mexico,19.4326,-99.1332,25.7,23.0,70,5.4,Moderate rain,302,2026-03-21T06:58:01.038308
London,UK,51.5074,-0.1278,12.7,10.7,92,13.6,Cloudy,119,2026-03-25T02:15:01.038444
Sao Paulo,Brazil,-23.5505,-46.6333,23.1,21.6,77,11.1,Sunny,113,2026-04-03T06:17:01.038709
Cali,Colombia,3.4516,-76.532,32.1,33.5,57,1.3,Overcast,122,2026-03-27T14:32:01.038798
Sao Paulo,Brazil,-23.5505,-46.6333,24.6,24.3,100,10.0,Partly cloudy,116,2026-03-17T11:29:01.038891
Barranquilla,Colombia,10.9685,-74.7813,26.6,23.7,51,15.5,Sunny,113,2026-03-27T05:50:01.039004
Lima,Peru,-12.0464,-77.0428,22.9,22.2,90,13.5,Cloudy,119,2026-04-15T19:21:01.039050
Madrid,Spain,40.4168,-3.7038,19.7,19.2,55,12.5,Patchy rain nearby,176,2026-03-20T21:32:01.039092
Barranquilla,Colombia,10.9685,-74.7813,31.8,32.9,77,15.7,Cloudy,119,2026-04-04T05:37:01.039131
Sao Paulo,Brazil,-23.5505,-46.6333,24.0,27.7,75,14.3,Sunny,113,2026-04-12T01:17:01.039170
Madrid,Spain,40.4168,-3.7038,21.2,19.1,81,10.2,Thundery outbreaks,200,2026-04-04T10:09:01.039210
London,UK,51.5074,-0.1278,15.7,13.6,58,14.9,Overcast,122,2026-04-10T22:41:01.039248
Cartagena,Colombia,10.391,-75.4794,32.1,32.6,71,12.5,Sunny,113,2026-03-19T17:11:01.039287
Sao Paulo,Brazil,-23.5505,-46.6333,27.0,24.9,62,13.6,Overcast,122,2026-03-22T17:51:01.039327
Medellin,Colombia,6.2442,-75.5812,21.7,23.1,63,7.0,Light rain,293,2026-03-22T22:07:01.039623
Cali,Colombia,3.4516,-76.532,25.7,25.1,78,2.8,Thundery outbreaks,200,2026-03-18T08:58:01.039764
Bogota,Colombia,4.711,-74.0721,17.9,17.9,93,5.2,Partly cloudy,116,2026-03-19T01:49:01.039843
London,UK,51.5074,-0.1278,14.9,14.1,50,5.3,Partly cloudy,116,2026-03-16T05:10:01.039891
Tokyo,Japan,35.6895,139.6917,26.6,24.2,78,4.3,Partly cloudy,116,2026-04-02T20:59:01.039931
Sao Paulo,Brazil,-23.5505,-46.6333,17.7,17.8,58,16.8,Partly cloudy,116,2026-04-13T15:08:01.039981
Madrid,Spain,40.4168,-3.7038,14.8,14.8,76,8.7,Patchy rain nearby,176,2026-03-21T10:38:01.040022
Mexico City,Mexico,19.4326,-99.1332,18.8,16.7,56,7.7,Patchy rain nearby,176,2026-03-25T06:38:01.040062
Barranquilla,Colombia,10.9685,-74.7813,28.7,30.3,80,3.6,Cloudy,119,2026-03-26T22:53:01.040118
Mexico City,Mexico,19.4326,-99.1332,17.4,18.6,69,4.6,Partly cloudy,116,2026-03-17T12:38:01.040158
Sao Paulo,Brazil,-23.5505,-46.6333,21.6,20.4,62,15.0,Light drizzle,266,2026-03-19T19:34:01.040197
Miami,USA,25.7617,-80.1918,27.5,29.7,68,11.9,Heavy rain,308,2026-04-07T03:20:01.040312
Sao Paulo,Brazil,-23.5505,-46.6333,30.3,29.2,90,11.0,Sunny,113,2026-03-24T04:43:01.040370
Barranquilla,Colombia,10.9685,-74.7813,34.5,34.2,82,16.1,Overcast,122,2026-04-04T18:55:01.040419
Cartagena,Colombia,10.391,-75.4794,31.8,29.8,75,14.2,Sunny,113,2026-03-28T20:41:01.040459
London,UK,51.5074,-0.1278,18.2,18.2,84,2.1,Sunny,113,2026-03-23T05:51:01.040499
Mexico City,Mexico,19.4326,-99.1332,34.9,35.9,41,9.7,Sunny,113,2026-03-19T16:05:01.040538
Cali,Colombia,3.4516,-76.532,29.0,26.8,48,3.6,Patchy snow showers,392,2026-04-02T06:22:01.040577
London,UK,51.5074,-0.1278,16.7,17.8,59,8.6,Overcast,122,2026-03-17T21:19:01.040615
Bogota,Colombia,4.711,-74.0721,14.0,12.0,68,11.9,Cloudy,119,2026-04-14T21:02:01.040652
Bogota,Colombia,4.711,-74.0721,15.2,14.9,80,15.6,Patchy rain nearby,176,2026-04-07T23:24:01.040691
Cali,Colombia,3.4516,-76.532,22.6,21.3,70,10.3,Light drizzle,266,2026-03-26T02:25:01.040751
Lima,Peru,-12.0464,-77.0428,17.4,18.3,68,10.4,Overcast,122,2026-04-06T18:56:01.040830
Bogota,Colombia,4.711,-74.0721,16.5,16.7,69,15.3,Partly cloudy,116,2026-03-28T01:37:01.040870
Cartagena,Colombia,10.391,-75.4794,41.7,41.7,81,13.4,Patchy rain nearby,176,2026-04-07T13:54:01.040909
Tokyo,Japan,35.6895,139.6917,25.8,29.2,80,5.2,Sunny,113,2026-04-15T02:31:01.040947
Miami,USA,25.7617,-80.1918,30.6,30.4,78,12.8,Patchy rain nearby,176,2026-04-12T21:48:01.040985
Miami,USA,25.7617,-80.1918,29.6,34.0,88,16.2,Cloudy,119,2026-04-13T13:06:01.041026
Madrid,Spain,40.4168,-3.7038,20.1,19.8,62,11.8,Patchy rain nearby,176,2026-03-19T01:00:01.041064
London,UK,51.5074,-0.1278,12.9,11.1,76,4.2,Partly cloudy,116,2026-03-21T09:25:01.041171
Miami,USA,25.7617,-80.1918,32.2,32.3,62,17.4,Heavy snow,395,2026-04-08T16:26:01.041215
Cartagena,Colombia,10.391,-75.4794,34.3,32.2,77,17.0,Heavy rain,308,2026-03-25T17:13:01.041267
Cali,Colombia,3.4516,-76.532,24.2,23.9,76,9.8,Partly cloudy,116,2026-03-25T16:08:01.041307
Tokyo,Japan,35.6895,139.6917,25.3,26.2,60,8.6,Overcast,122,2026-03-26T02:22:01.041345
London,UK,51.5074,-0.1278,21.5,19.2,72,10.6,Sunny,113,2026-03-28T07:20:01.041386
Mexico City,Mexico,19.4326,-99.1332,24.1,25.2,60,5.5,Overcast,122,2026-03-27T06:24:01.041440
Mexico City,Mexico,19.4326,-99.1332,25.9,23.5,83,15.0,Light drizzle,266,2026-03-21T23:01:01.041480
Barranquilla,Colombia,10.9685,-74.7813,26.3,23.9,58,15.6,Patchy snow showers,392,2026-03-17T12:39:01.041610
Cartagena,Colombia,10.391,-75.4794,32.5,32.3,96,12.2,Sunny,113,2026-04-14T14:57:01.041711
Bogota,Colombia,4.711,-74.0721,20.6,22.2,76,5.7,Cloudy,119,2026-03-27T10:26:01.041779
Bogota,Colombia,4.711,-74.0721,18.7,21.1,79,7.4,Overcast,122,2026-03-23T20:14:01.041832
Miami,USA,25.7617,-80.1918,24.6,25.2,87,7.4,Light rain,293,2026-04-15T12:24:01.041892
Tokyo,Japan,35.6895,139.6917,16.9,18.5,65,5.5,Cloudy,119,2026-04-12T23:18:01.041940
Miami,USA,25.7617,-80.1918,29.5,29.7,71,19.4,Cloudy,119,2026-03-26T13:01:01.041982
Barranquilla,Colombia,10.9685,-74.7813,25.4,25.1,83,11.2,Cloudy,119,2026-03-31T03:40:01.042027
Bogota,Colombia,4.711,-74.0721,17.7,18.7,76,12.2,Sunny,113,2026-04-12T09:16:01.042066
Cartagena,Colombia,10.391,-75.4794,33.4,34.7,96,19.4,Cloudy,119,2026-03-31T23:15:01.042105
London,UK,51.5074,-0.1278,10.2,7.7,61,10.7,Light drizzle,266,2026-04-03T05:34:01.042143
Lima,Peru,-12.0464,-77.0428,25.1,21.7,66,18.6,Patchy rain nearby,176,2026-03-20T11:32:01.042220
Madrid,Spain,40.4168,-3.7038,14.7,13.4,66,6.2,Heavy rain,308,2026-04-11T19:05:01.042298
Lima,Peru,-12.0464,-77.0428,22.3,18.8,62,18.3,Cloudy,119,2026-04-05T19:51:01.042341
Madrid,Spain,40.4168,-3.7038,8.3,11.6,68,14.0,Patchy rain nearby,176,2026-03-26T08:29:01.042396
Sao Paulo,Brazil,-23.5505,-46.6333,23.5,23.6,64,13.6,Patchy rain nearby,176,2026-04-08T17:44:01.042436
Bogota,Colombia,4.711,-74.0721,18.1,21.1,85,13.8,Partly cloudy,116,2026-04-01T13:57:01.042474
Bogota,Colombia,4.711,-74.0721,15.1,16.7,86,4.1,Sunny,113,2026-04-15T06:42:01.042513
Barranquilla,Colombia,10.9685,-74.7813,32.3,31.6,91,11.7,Thundery outbreaks,200,2026-04-15T16:54:01.042566
Bogota,Colombia,4.711,-74.0721,16.4,15.5,62,8.8,Overcast,122,2026-04-13T11:24:01.042608
Mexico City,Mexico,19.4326,-99.1332,28.0,25.8,85,10.2,Sunny,113,2026-04-06T02:50:01.042647
Miami,USA,25.7617,-80.1918,31.9,32.4,82,13.9,Partly cloudy,116,2026-04-02T06:25:01.042685
Miami,USA,25.7617,-80.1918,28.9,29.0,65,18.5,Light drizzle,266,2026-04-06T02:46:01.042725
Medellin,Colombia,6.2442,-75.5812,20.7,21.1,64,13.2,Cloudy,119,2026-03-31T08:00:01.042795
Cali,Colombia,3.4516,-76.532,29.5,27.9,73,6.4,Overcast,122,2026-04-13T18:20:01.042845
Tokyo,Japan,35.6895,139.6917,15.9,13.6,75,3.9,Patchy rain nearby,176,2026-04-07T06:32:01.042885
Lima,Peru,-12.0464,-77.0428,24.6,25.6,96,8.9,Partly cloudy,116,2026-04-05T14:36:01.042924
London,UK,51.5074,-0.1278,16.6,20.1,78,15.4,Cloudy,119,2026-04-11T11:16:01.042963
Madrid,Spain,40.4168,-3.7038,13.7,13.3,65,4.6,Partly cloudy,116,2026-03-17T22:08:01.043001
Cali,Colombia,3.4516,-76.532,22.2,23.8,81,10.4,Cloudy,119,2026-03-29T18:10:01.043040
Mexico City,Mexico,19.4326,-99.1332,23.4,22.7,65,8.5,Light drizzle,266,2026-03-18T09:34:01.043079
Cali,Colombia,3.4516,-76.532,24.3,23.2,84,7.4,Sunny,113,2026-03-20T12:33:01.043118
Sao Paulo,Brazil,-23.5505,-46.6333,21.1,21.5,87,12.1,Patchy rain nearby,176,2026-04-05T04:02:01.043157
London,UK,51.5074,-0.1278,18.8,20.8,89,6.4,Cloudy,119,2026-04-02T11:29:01.043196
Mexico City,Mexico,19.4326,-99.1332,27.1,28.5,64,11.1,Partly cloudy,116,2026-03-30T10:34:01.043244
Barranquilla,Colombia,10.9685,-74.7813,31.3,30.5,90,14.3,Partly cloudy,116,2026-03-29T20:29:01.043283
Lima,Peru,-12.0464,-77.0428,20.6,21.2,87,15.7,Light rain,293,2026-04-10T19:52:01.043322
Lima,Peru,-12.0464,-77.0428,24.0,25.5,71,11.0,Overcast,122,2026-04-06T15:37:01.043425
Cali,Colombia,3.4516,-76.532,15.7,17.7,74,3.3,Overcast,122,2026-03-18T09:21:01.043492
Madrid,Spain,40.4168,-3.7038,21.4,19.1,68,0.7,Partly cloudy,116,2026-04-10T23:52:01.043536
Madrid,Spain,40.4168,-3.7038,13.8,14.9,56,2.1,Overcast,122,2026-04-11T07:13:01.043576
Bogota,Colombia,4.711,-74.0721,16.4,13.5,87,7.5,Partly cloudy,116,2026-03-23T18:12:01.043615
Cartagena,Colombia,10.391,-75.4794,26.4,28.4,88,7.0,Heavy rain,308,2026-03-19T20:14:01.043654
Medellin,Colombia,6.2442,-75.5812,19.8,17.9,84,16.4,Overcast,122,2026-04-11T09:39:01.043693
Madrid,Spain,40.4168,-3.7038,23.2,23.0,81,15.7,Overcast,122,2026-03-28T12:17:01.043749
Tokyo,Japan,35.6895,139.6917,28.3,28.7,68,5.4,Partly cloudy,116,2026-03-30T16:31:01.043788
Cali,Colombia,3.4516,-76.532,26.7,26.4,73,6.1,Cloudy,119,2026-04-04T15:23:01.043827
Miami,USA,25.7617,-80.1918,30.3,25.8,97,14.6,Heavy rain,308,2026-04-11T13:08:01.043866
Sao Paulo,Brazil,-23.5505,-46.6333,23.0,23.7,82,8.2,Patchy rain nearby,176,2026-04-03T18:53:01.043914
London,UK,51.5074,-0.1278,15.5,16.7,62,6.2,Sunny,113,2026-04-09T14:28:01.043953
Sao Paulo,Brazil,-23.5505,-46.6333,23.7,23.7,64,15.2,Partly cloudy,116,2026-04-04T05:44:01.043991
Barranquilla,Colombia,10.9685,-74.7813,34.2,37.4,75,15.5,Sunny,113,2026-03-31T15:58:01.044030
Lima,Peru,-12.0464,-77.0428,20.8,22.8,65,15.6,Light drizzle,266,2026-04-06T02:17:01.044068
Medellin,Colombia,6.2442,-75.5812,19.6,18.7,88,11.1,Partly cloudy,116,2026-03-26T02:25:01.044106
Sao Paulo,Brazil,-23.5505,-46.6333,26.9,27.2,88,3.5,Cloudy,119,2026-03-20T14:01:01.044157
Mexico City,Mexico,19.4326,-99.1332,27.6,29.4,53,4.6,Partly cloudy,116,2026-04-10T04:04:01.044196
Tokyo,Japan,35.6895,139.6917,20.5,18.8,46,7.0,Overcast,122,2026-03-20T22:23:01.044417
Madrid,Spain,40.4168,-3.7038,16.2,15.2,47,0.2,Cloudy,119,2026-03-21T08:51:01.044489
Cartagena,Colombia,10.391,-75.4794,34.5,34.2,84,15.4,Partly cloudy,116,2026-04-14T16:20:01.044532
Cali,Colombia,3.4516,-76.532,21.5,21.9,57,10.7,Cloudy,119,2026-04-01T02:27:01.044573
Miami,USA,25.7617,-80.1918,30.6,32.8,91,9.6,Partly cloudy,116,2026-04-06T22:43:01.044612
Mexico City,Mexico,19.4326,-99.1332,30.7,29.5,76,6.4,Cloudy,119,2026-03-30T02:09:01.044652
Lima,Peru,-12.0464,-77.0428,23.9,19.9,67,10.5,Cloudy,119,2026-04-08T08:22:01.044691
Sao Paulo,Brazil,-23.5505,-46.6333,30.1,29.8,57,13.7,Light drizzle,266,2026-03-23T17:25:01.044729
Cartagena,Colombia,10.391,-75.4794,30.0,28.8,96,10.7,Sunny,113,2026-04-09T06:12:01.044801
Lima,Peru,-12.0464,-77.0428,18.4,17.6,64,21.8,Sunny,113,2026-04-03T13:57:01.044841
Madrid,Spain,40.4168,-3.7038,18.2,17.3,59,12.6,Moderate rain,302,2026-03-18T19:11:01.044880
Medellin,Colombia,6.2442,-75.5812,18.6,17.2,59,12.1,Patchy rain nearby,176,2026-04-02T11:32:01.044920
Cali,Colombia,3.4516,-76.532,26.9,27.1,98,4.3,Patchy rain nearby,176,2026-04-03T23:20:01.044958
Sao Paulo,Brazil,-23.5505,-46.6333,30.7,29.2,66,3.2,Cloudy,119,2026-04-13T09:54:01.044997
Cali,Colombia,3.4516,-76.532,31.5,31.2,78,10.7,Cloudy,119,2026-03-19T03:43:01.045035
Barranquilla,Colombia,10.9685,-74.7813,31.7,31.2,90,9.8,Partly cloudy,116,2026-03-27T07:17:01.045073
London,UK,51.5074,-0.1278,7.8,8.7,79,12.1,Patchy rain nearby,176,2026-03-24T11:08:01.045157
Cali,Colombia,3.4516,-76.532,25.0,26.1,76,10.0,Heavy snow,395,2026-03-31T07:19:01.045244
Cartagena,Colombia,10.391,-75.4794,35.1,36.3,69,4.6,Sunny,113,2026-04-07T19:34:01.045341
Medellin,Colombia,6.2442,-75.5812,23.9,26.8,89,0.6,Light rain,293,2026-03-27T16:23:01.045387
Barranquilla,Colombia,10.9685,-74.7813,25.4,27.7,80,16.1,Light rain,293,2026-03-16T15:12:01.045428
Lima,Peru,-12.0464,-77.0428,23.9,24.3,92,6.9,Light drizzle,266,2026-04-11T02:57:01.045467
Cali,Colombia,3.4516,-76.532,22.6,24.3,83,3.7,Sunny,113,2026-04-02T13:46:01.045506
Lima,Peru,-12.0464,-77.0428,22.8,23.2,100,14.4,Overcast,122,2026-04-08T20:59:01.045545
Lima,Peru,-12.0464,-77.0428,17.0,11.3,81,9.8,Partly cloudy,116,2026-04-13T18:23:01.045583
Barranquilla,Colombia,10.9685,-74.7813,31.1,26.5,92,15.6,Partly cloudy,116,2026-04-08T21:50:01.045623
Cartagena,Colombia,10.391,-75.4794,29.8,28.7,77,16.3,Sunny,113,2026-03-31T19:54:01.045662
Medellin,Colombia,6.2442,-75.5812,27.3,28.1,62,10.6,Cloudy,119,2026-03-21T04:45:01.045712
London,UK,51.5074,-0.1278,5.7,7.3,76,19.4,Cloudy,119,2026-03-17T01:21:01.045788
Bogota,Colombia,4.711,-74.0721,17.6,16.6,74,1.3,Moderate rain,302,2026-03-26T15:20:01.045831
Barranquilla,Colombia,10.9685,-74.7813,33.2,29.1,62,11.0,Overcast,122,2026-03-22T04:03:01.045871
London,UK,51.5074,-0.1278,16.0,17.6,74,11.6,Partly cloudy,116,2026-03-16T03:34:01.045910
Sao Paulo,Brazil,-23.5505,-46.6333,20.7,18.1,79,9.0,Partly cloudy,116,2026-03-21T21:32:01.045948
Mexico City,Mexico,19.4326,-99.1332,27.5,24.0,65,10.9,Overcast,122,2026-03-27T06:36:01.045995
Medellin,Colombia,6.2442,-75.5812,21.3,19.1,93,10.6,Partly cloudy,116,2026-04-08T00:48:01.046080
Madrid,Spain,40.4168,-3.7038,15.7,13.2,44,0.9,Patchy rain nearby,176,2026-04-09T19:06:01.046125
Miami,USA,25.7617,-80.1918,21.9,23.1,74,10.3,Overcast,122,2026-03-24T06:41:01.046165
Madrid,Spain,40.4168,-3.7038,10.9,10.3,53,15.8,Sunny,113,2026-04-05T22:58:01.046206
Lima,Peru,-12.0464,-77.0428,18.2,21.5,82,5.3,Partly cloudy,116,2026-04-13T05:27:01.046256
Mexico City,Mexico,19.4326,-99.1332,26.8,28.6,71,14.7,Overcast,122,2026-04-08T04:08:01.046296
Mexico City,Mexico,19.4326,-99.1332,29.1,33.0,55,11.9,Sunny,113,2026-04-10T01:38:01.046334
Miami,USA,25.7617,-80.1918,28.7,30.3,76,24.5,Sunny,113,2026-04-15T21:11:01.046372
London,UK,51.5074,-0.1278,14.9,16.6,76,7.0,Overcast,122,2026-03-27T07:02:01.046411
Cartagena,Colombia,10.391,-75.4794,34.4,35.7,76,5.3,Moderate rain,302,2026-03-18T01:01:01.046450
Sao Paulo,Brazil,-23.5505,-46.6333,20.3,22.4,62,11.3,Light drizzle,266,2026-04-12T11:15:01.046488
Mexico City,Mexico,19.4326,-99.1332,28.7,26.5,58,5.2,Patchy rain nearby,176,2026-04-08T19:54:01.046527
Barranquilla,Colombia,10.9685,-74.7813,23.1,25.8,82,13.0,Light drizzle,266,2026-04-13T10:45:01.046565
Madrid,Spain,40.4168,-3.7038,19.3,15.2,66,12.7,Partly cloudy,116,2026-03-28T04:22:01.046605
Sao Paulo,Brazil,-23.5505,-46.6333,32.1,32.0,91,13.7,Moderate rain,302,2026-04-15T09:09:01.046655
Madrid,Spain,40.4168,-3.7038,13.5,10.9,54,5.6,Cloudy,119,2026-04-09T22:00:01.046694
Medellin,Colombia,6.2442,-75.5812,21.2,22.6,71,1.8,Sunny,113,2026-03-16T02:08:01.046734
Madrid,Spain,40.4168,-3.7038,12.1,10.7,50,11.5,Patchy snow showers,392,2026-03-30T18:08:01.046774
Madrid,Spain,40.4168,-3.7038,18.3,17.4,53,10.3,Patchy rain nearby,176,2026-04-14T13:20:01.046814
London,UK,51.5074,-0.1278,9.5,9.8,73,15.6,Partly cloudy,116,2026-04-07T22:00:01.046852
Lima,Peru,-12.0464,-77.0428,21.4,23.5,51,5.1,Cloudy,119,2026-04-10T12:09:01.046891
Mexico City,Mexico,19.4326,-99.1332,16.3,14.9,51,6.4,Overcast,122,2026-04-10T13:34:01.046930
Mexico City,Mexico,19.4326,-99.1332,25.8,25.0,66,15.9,Overcast,122,2026-04-04T14:27:01.047055
Bogota,Colombia,4.711,-74.0721,11.0,10.7,75,7.4,Light drizzle,266,2026-03-16T05:55:01.047193
Bogota,Colombia,4.711,-74.0721,23.6,23.0,59,14.0,Light rain,293,2026-04-14T19:00:01.047259
Lima,Peru,-12.0464,-77.0428,17.0,16.5,82,11.7,Patchy rain nearby,176,2026-03-20T16:13:01.047301
Lima,Peru,-12.0464,-77.0428,15.9,12.5,59,8.4,Overcast,122,2026-04-12T07:09:01.047342
London,UK,51.5074,-0.1278,10.2,8.1,55,12.7,Moderate rain,302,2026-03-18T04:19:01.047381
Cali,Colombia,3.4516,-76.532,30.1,29.3,77,2.6,Sunny,113,2026-04-10T00:54:01.047424
Mexico City,Mexico,19.4326,-99.1332,23.7,20.7,62,11.7,Partly cloudy,116,2026-04-13T03:21:01.047463
Madrid,Spain,40.4168,-3.7038,14.7,16.2,51,16.0,Partly cloudy,116,2026-03-17T20:28:01.047526
Sao Paulo,Brazil,-23.5505,-46.6333,24.2,24.7,87,13.2,Cloudy,119,2026-03-18T02:08:01.047566
Lima,Peru,-12.0464,-77.0428,25.2,20.8,81,9.4,Sunny,113,2026-03-31T01:19:01.047605
London,UK,51.5074,-0.1278,17.9,15.0,72,16.1,Heavy rain,308,2026-04-05T13:12:01.047645
Miami,USA,25.7617,-80.1918,25.3,22.7,68,6.3,Sunny,113,2026-03-27T03:02:01.047700
Cali,Colombia,3.4516,-76.532,22.6,22.3,78,8.6,Thundery outbreaks,200,2026-04-06T04:53:01.047742
Cali,Colombia,3.4516,-76.532,27.8,27.8,85,3.0,Sunny,113,2026-04-06T03:46:01.047781
Cali,Colombia,3.4516,-76.532,28.3,29.7,60,7.1,Partly cloudy,116,2026-03-27T01:22:01.047819
Cartagena,Colombia,10.391,-75.4794,26.3,28.0,90,12.4,Partly cloudy,116,2026-04-01T18:54:01.047858
London,UK,51.5074,-0.1278,9.8,12.3,59,15.7,Patchy rain nearby,176,2026-03-16T22:20:01.047896
Tokyo,Japan,35.6895,139.6917,20.6,20.1,67,3.0,Overcast,122,2026-03-20T11:33:01.047935
Tokyo,Japan,35.6895,139.6917,18.0,19.3,76,9.3,Sunny,113,2026-03-29T16:16:01.047973
Lima,Peru,-12.0464,-77.0428,16.6,17.3,90,7.7,Sunny,113,2026-04-11T21:12:01.048011
Cali,Colombia,3.4516,-76.532,28.3,25.4,93,6.1,Sunny,113,2026-03-20T07:36:01.048060
Miami,USA,25.7617,-80.1918,25.0,22.9,74,16.2,Sunny,113,2026-03-25T03:29:01.048107
Cartagena,Colombia,10.391,-75.4794,34.2,35.4,77,9.4,Cloudy,119,2026-03-27T04:10:01.048146
Tokyo,Japan,35.6895,139.6917,25.2,24.2,84,7.8,Partly cloudy,116,2026-03-18T08:54:01.048185
London,UK,51.5074,-0.1278,16.1,14.0,61,17.3,Moderate rain,302,2026-04-09T12:03:01.048224
Cali,Colombia,3.4516,-76.532,28.9,27.8,59,0.0,Patchy rain nearby,176,2026-04-06T15:20:01.048273
Cali,Colombia,3.4516,-76.532,25.6,22.4,81,7.9,Overcast,122,2026-04-01T21:00:01.048337
Cartagena,Colombia,10.391,-75.4794,24.9,25.1,54,10.8,Sunny,113,2026-03-26T16:30:01.048438
Madrid,Spain,40.4168,-3.7038,11.7,9.4,55,6.0,Patchy rain nearby,176,2026-04-05T14:15:01.048503
Mexico City,Mexico,19.4326,-99.1332,24.0,24.9,67,11.3,Cloudy,119,2026-03-19T08:53:01.048564
Bogota,Colombia,4.711,-74.0721,21.1,20.2,90,5.4,Heavy snow,395,2026-03-16T04:14:01.048622
Miami,USA,25.7617,-80.1918,24.7,26.5,70,14.6,Cloudy,119,2026-04-04T02:45:01.048715
Cali,Colombia,3.4516,-76.532,25.7,26.7,100,10.1,Cloudy,119,2026-03-24T11:48:01.048801
Cali,Colombia,3.4516,-76.532,22.4,22.9,82,12.1,Light drizzle,266,2026-04-03T15:57:01.048846
Cali,Colombia,3.4516,-76.532,22.3,23.2,81,11.6,Heavy snow,395,2026-03-17T16:46:01.048888
Barranquilla,Colombia,10.9685,-74.7813,37.2,37.2,100,12.8,Light drizzle,266,2026-03-31T05:36:01.049003
Miami,USA,25.7617,-80.1918,24.9,26.0,80,17.5,Light rain,293,2026-04-11T18:17:01.049069
Barranquilla,Colombia,10.9685,-74.7813,29.7,30.0,79,8.6,Sunny,113,2026-03-23T00:28:01.049162
London,UK,51.5074,-0.1278,13.9,12.5,84,12.7,Patchy rain nearby,176,2026-03-30T20:56:01.049204
Tokyo,Japan,35.6895,139.6917,18.6,18.5,67,1.0,Thundery outbreaks,200,2026-04-01T14:42:01.049244
Lima,Peru,-12.0464,-77.0428,19.5,19.4,80,16.8,Patchy rain nearby,176,2026-03-16T11:41:01.049285
Cartagena,Colombia,10.391,-75.4794,28.8,26.8,75,8.5,Partly cloudy,116,2026-04-13T08:56:01.049351
Sao Paulo,Brazil,-23.5505,-46.6333,28.4,29.4,86,9.8,Partly cloudy,116,2026-04-11T14:09:01.049393
Tokyo,Japan,35.6895,139.6917,16.3,16.1,73,12.2,Heavy rain,308,2026-04-08T13:39:01.049432
London,UK,51.5074,-0.1278,13.0,14.8,64,8.8,Overcast,122,2026-04-05T22:02:01.049471
Mexico City,Mexico,19.4326,-99.1332,23.1,21.5,58,0.7,Patchy rain nearby,176,2026-04-11T12:39:01.049511
Tokyo,Japan,35.6895,139.6917,16.1,15.7,66,2.5,Partly cloudy,116,2026-04-11T08:28:01.049549
Mexico City,Mexico,19.4326,-99.1332,31.8,30.1,51,6.6,Sunny,113,2026-04-11T19:54:01.049588
Miami,USA,25.7617,-80.1918,29.7,30.2,74,22.8,Light rain,293,2026-03-27T10:21:01.049627
Mexico City,Mexico,19.4326,-99.1332,26.6,25.3,51,8.0,Patchy rain nearby,176,2026-04-10T18:37:01.049666
Bogota,Colombia,4.711,-74.0721,11.7,10.4,76,15.5,Partly cloudy,116,2026-03-29T22:41:01.049705
Barranquilla,Colombia,10.9685,-74.7813,26.6,26.0,72,6.8,Sunny,113,2026-04-01T03:09:01.049952
Tokyo,Japan,35.6895,139.6917,24.8,22.3,72,15.6,Partly cloudy,116,2026-03-30T01:22:01.050020
Lima,Peru,-12.0464,-77.0428,16.6,13.2,74,9.6,Sunny,113,2026-04-14T20:05:01.050062
London,UK,51.5074,-0.1278,10.8,11.8,70,14.2,Sunny,113,2026-04-01T18:12:01.050101
Tokyo,Japan,35.6895,139.6917,27.1,30.1,56,8.5,Sunny,113,2026-03-17T10:53:01.050140
Madrid,Spain,40.4168,-3.7038,20.2,19.7,62,6.9,Cloudy,119,2026-04-09T04:49:01.050178
Lima,Peru,-12.0464,-77.0428,19.2,20.1,63,9.4,Cloudy,119,2026-04-07T01:00:01.050217
Sao Paulo,Brazil,-23.5505,-46.6333,20.9,21.2,77,7.5,Partly cloudy,116,2026-03-25T21:12:01.050255
Cartagena,Colombia,10.391,-75.4794,28.3,29.4,92,18.7,Light rain,293,2026-04-11T23:30:01.050294
London,UK,51.5074,-0.1278,20.4,20.0,86,9.5,Partly cloudy,116,2026-04-08T00:52:01.050333
Miami,USA,25.7617,-80.1918,33.5,33.5,73,7.7,Overcast,122,2026-03-25T05:15:01.050386
Medellin,Colombia,6.2442,-75.5812,24.4,24.0,87,14.5,Sunny,113,2026-03-24T18:07:01.050441
Sao Paulo,Brazil,-23.5505,-46.6333,25.8,27.8,98,10.0,Overcast,122,2026-04-06T00:36:01.050481
Mexico City,Mexico,19.4326,-99.1332,27.7,31.3,72,9.5,Overcast,122,2026-04-03T19:28:01.050519
London,UK,51.5074,-0.1278,20.5,18.7,69,8.8,Sunny,113,2026-03-19T23:10:01.050557
Medellin,Colombia,6.2442,-75.5812,22.6,23.0,63,11.6,Cloudy,119,2026-04-08T02:01:01.050597
Madrid,Spain,40.4168,-3.7038,14.4,14.1,63,5.6,Overcast,122,2026-03-19T03:14:01.050635
Madrid,Spain,40.4168,-3.7038,8.7,11.7,59,4.8,Patchy rain nearby,176,2026-04-12T23:07:01.050673
Bogota,Colombia,4.711,-74.0721,12.6,14.5,62,14.0,Patchy rain nearby,176,2026-03-19T15:01:01.050712
Mexico City,Mexico,19.4326,-99.1332,24.1,24.0,38,6.6,Sunny,113,2026-03-29T10:33:01.050759
Sao Paulo,Brazil,-23.5505,-46.6333,27.1,27.8,79,17.0,Patchy rain nearby,176,2026-03-21T15:27:01.050901
Cartagena,Colombia,10.391,-75.4794,28.3,28.3,70,8.5,Overcast,122,2026-03-16T00:27:01.050948
Medellin,Colombia,6.2442,-75.5812,27.0,23.5,87,5.4,Sunny,113,2026-03-16T09:29:01.050990
Sao Paulo,Brazil,-23.5505,-46.6333,27.3,28.4,92,10.2,Patchy rain nearby,176,2026-04-10T06:16:01.051030
London,UK,51.5074,-0.1278,8.7,8.5,54,7.7,Cloudy,119,2026-04-11T22:08:01.051070
Madrid,Spain,40.4168,-3.7038,13.8,14.8,57,7.0,Light drizzle,266,2026-04-12T20:33:01.051109
Cartagena,Colombia,10.391,-75.4794,31.2,33.8,73,20.1,Sunny,113,2026-03-31T04:37:01.051150
Sao Paulo,Brazil,-23.5505,-46.6333,31.6,31.5,76,6.2,Overcast,122,2026-04-12T02:33:01.051189
Cali,Colombia,3.4516,-76.532,24.4,21.4,55,13.0,Patchy rain nearby,176,2026-04-02T08:15:01.051231
London,UK,51.5074,-0.1278,16.2,16.2,74,13.4,Partly cloudy,116,2026-03-28T09:18:01.051288
London,UK,51.5074,-0.1278,11.5,13.8,43,3.2,Sunny,113,2026-04-06T12:26:01.051363
Cali,Colombia,3.4516,-76.532,31.7,28.4,89,6.5,Cloudy,119,2026-04-11T02:32:01.051425
Tokyo,Japan,35.6895,139.6917,19.3,17.5,59,14.3,Overcast,122,2026-03-19T02:10:01.051516
Medellin,Colombia,6.2442,-75.5812,12.5,13.7,73,6.5,Partly cloudy,116,2026-04-13T11:04:01.051597
Cali,Colombia,3.4516,-76.532,28.6,29.6,68,3.3,Sunny,113,2026-04-04T12:08:01.051658
Bogota,Colombia,4.711,-74.0721,17.6,16.3,65,6.8,Partly cloudy,116,2026-03-22T14:24:01.051718
Mexico City,Mexico,19.4326,-99.1332,28.3,28.7,63,13.4,Cloudy,119,2026-04-02T18:20:01.051781
Cali,Colombia,3.4516,-76.532,23.1,24.7,64,10.5,Cloudy,119,2026-03-18T15:52:01.051839
Miami,USA,25.7617,-80.1918,29.2,30.5,83,3.1,Partly cloudy,116,2026-03-28T10:18:01.051893
Sao Paulo,Brazil,-23.5505,-46.6333,28.5,29.5,99,21.8,Patchy rain nearby,176,2026-03-25T17:00:01.051951
Cartagena,Colombia,10.391,-75.4794,29.0,28.9,77,13.0,Overcast,122,2026-04-14T13:46:01.052036
Mexico City,Mexico,19.4326,-99.1332,20.0,22.7,50,8.9,Cloudy,119,2026-03-19T05:10:01.052082
Madrid,Spain,40.4168,-3.7038,19.5,17.1,46,5.3,Light rain,293,2026-04-02T08:21:01.052123
Miami,USA,25.7617,-80.1918,27.8,26.8,68,16.6,Sunny,113,2026-04-03T00:18:01.052163
Tokyo,Japan,35.6895,139.6917,20.2,17.9,56,6.0,Sunny,113,2026-03-20T13:04:01.052202
Sao Paulo,Brazil,-23.5505,-46.6333,30.2,30.8,61,8.2,Overcast,122,2026-03-26T01:25:01.052241
Medellin,Colombia,6.2442,-75.5812,22.7,21.8,63,3.0,Sunny,113,2026-03-23T22:47:01.052280
Madrid,Spain,40.4168,-3.7038,22.3,25.6,58,3.7,Light drizzle,266,2026-04-12T13:31:01.052319
Mexico City,Mexico,19.4326,-99.1332,26.9,27.5,78,2.9,Cloudy,119,2026-03-24T10:19:01.052357
Tokyo,Japan,35.6895,139.6917,24.5,24.8,56,6.3,Sunny,113,2026-03-21T07:16:01.052395
Mexico City,Mexico,19.4326,-99.1332,26.1,25.2,73,1.1,Light rain,293,2026-03-21T00:32:01.052460
Madrid,Spain,40.4168,-3.7038,18.5,18.3,61,2.6,Partly cloudy,116,2026-04-06T22:39:01.052500
Bogota,Colombia,4.711,-74.0721,17.2,14.4,60,8.7,Sunny,113,2026-03-20T13:26:01.052538
Barranquilla,Colombia,10.9685,-74.7813,24.0,24.8,74,14.2,Sunny,113,2026-04-14T06:58:01.052577
Sao Paulo,Brazil,-23.5505,-46.6333,21.7,18.0,84,10.2,Partly cloudy,116,2026-03-27T19:26:01.052697
London,UK,51.5074,-0.1278,16.1,19.3,83,15.9,Light rain,293,2026-03-16T18:04:01.052813
Miami,USA,25.7617,-80.1918,26.3,30.5,90,24.2,Partly cloudy,116,2026-03-31T22:42:01.052889
Cartagena,Colombia,10.391,-75.4794,29.4,29.5,90,15.9,Patchy rain nearby,176,2026-04-13T10:33:01.052945
Sao Paulo,Brazil,-23.5505,-46.6333,28.8,29.1,100,11.8,Sunny,113,2026-03-19T11:25:01.052991
Barranquilla,Colombia,10.9685,-74.7813,29.3,27.4,89,9.6,Overcast,122,2026-03-26T03:02:01.053052
Miami,USA,25.7617,-80.1918,30.0,31.4,92,20.2,Light rain,293,2026-04-06T08:14:01.053169
Cartagena,Colombia,10.391,-75.4794,28.9,31.2,79,15.3,Cloudy,119,2026-03-30T06:40:01.053210
Bogota,Colombia,4.711,-74.0721,15.7,14.1,84,12.5,Light drizzle,266,2026-03-28T08:59:01.053250
Tokyo,Japan,35.6895,139.6917,22.1,24.9,47,8.7,Moderate rain,302,2026-03-18T06:14:01.053303
Madrid,Spain,40.4168,-3.7038,17.6,14.2,50,10.7,Heavy snow,395,2026-04-10T15:20:01.053346
Cartagena,Colombia,10.391,-75.4794,26.9,27.8,82,7.9,Patchy rain nearby,176,2026-04-12T04:39:01.053386
London,UK,51.5074,-0.1278,14.5,17.9,65,15.0,Sunny,113,2026-04-01T18:51:01.053426
Medellin,Colombia,6.2442,-75.5812,23.1,23.3,61,12.7,Cloudy,119,2026-03-31T20:34:01.053465
Cali,Colombia,3.4516,-76.532,28.8,32.8,51,17.0,Partly cloudy,116,2026-03-31T21:19:01.053504
Miami,USA,25.7617,-80.1918,26.7,28.6,71,17.3,Sunny,113,2026-04-10T04:03:01.053543
Tokyo,Japan,35.6895,139.6917,22.5,19.1,66,14.2,Cloudy,119,2026-03-28T14:57:01.053591
Sao Paulo,Brazil,-23.5505,-46.6333,16.7,16.4,99,11.2,Sunny,113,2026-04-04T02:14:01.053629
Bogota,Colombia,4.711,-74.0721,14.7,14.1,96,14.1,Patchy rain nearby,176,2026-04-12T05:06:01.053686
Lima,Peru,-12.0464,-77.0428,26.2,28.9,87,14.7,Partly cloudy,116,2026-03-16T13:03:01.053784
Cartagena,Colombia,10.391,-75.4794,33.3,36.6,92,10.7,Moderate rain,302,2026-04-02T15:31:01.053851
Cartagena,Colombia,10.391,-75.4794,32.7,28.7,79,16.0,Heavy rain,308,2026-03-29T02:44:01.053894
Medellin,Colombia,6.2442,-75.5812,16.2,22.2,62,12.8,Sunny,113,2026-03-21T11:44:01.053944
Medellin,Colombia,6.2442,-75.5812,20.8,21.6,59,5.7,Patchy rain nearby,176,2026-03-19T13:09:01.053987
Mexico City,Mexico,19.4326,-99.1332,23.9,21.4,62,9.4,Partly cloudy,116,2026-03-20T18:46:01.054028
Medellin,Colombia,6.2442,-75.5812,23.8,23.2,63,6.5,Overcast,122,2026-03-28T08:31:01.054067
Lima,Peru,-12.0464,-77.0428,25.8,26.5,89,14.9,Partly cloudy,116,2026-04-01T20:28:01.054122
Cartagena,Colombia,10.391,-75.4794,30.6,28.9,58,12.9,Partly cloudy,116,2026-03-17T12:05:01.054160
Sao Paulo,Brazil,-23.5505,-46.6333,29.5,28.4,87,7.7,Light drizzle,266,2026-04-11T06:40:01.054199
Lima,Peru,-12.0464,-77.0428,20.9,20.8,66,11.7,Overcast,122,2026-04-14T20:26:01.054247
Tokyo,Japan,35.6895,139.6917,21.6,17.7,61,3.7,Heavy rain,308,2026-04-14T10:01:01.054286
Lima,Peru,-12.0464,-77.0428,20.7,19.0,81,14.1,Partly cloudy,116,2026-03-16T07:32:01.054325
Cali,Colombia,3.4516,-76.532,30.1,29.5,55,13.6,Patchy rain nearby,176,2026-03-30T09:50:01.054362
London,UK,51.5074,-0.1278,18.7,20.0,88,4.6,Sunny,113,2026-04-12T01:48:01.054400
Bogota,Colombia,4.711,-74.0721,15.1,14.1,74,15.6,Cloudy,119,2026-04-04T12:57:01.054439
Tokyo,Japan,35.6895,139.6917,19.5,21.5,90,9.3,Moderate rain,302,2026-03-20T06:01:01.054532
Sao Paulo,Brazil,-23.5505,-46.6333,28.9,28.8,80,10.6,Thundery outbreaks,200,2026-03-23T02:07:01.054617
Lima,Peru,-12.0464,-77.0428,22.8,18.8,76,6.7,Patchy rain nearby,176,2026-03-26T05:43:01.054661
Mexico City,Mexico,19.4326,-99.1332,25.0,22.0,59,9.8,Light drizzle,266,2026-04-06T22:58:01.054701
Medellin,Colombia,6.2442,-75.5812,24.3,24.2,79,14.1,Moderate rain,302,2026-03-27T15:18:01.054741
Mexico City,Mexico,19.4326,-99.1332,19.6,20.9,62,11.5,Overcast,122,2026-03-28T08:09:01.054780
Tokyo,Japan,35.6895,139.6917,18.3,21.8,41,0.6,Light rain,293,2026-03-27T10:36:01.054819
Cali,Colombia,3.4516,-76.532,29.9,28.0,90,13.3,Sunny,113,2026-04-02T13:03:01.055057
Medellin,Colombia,6.2442,-75.5812,18.3,20.5,85,13.6,Heavy rain,308,2026-04-13T05:13:01.055118
Madrid,Spain,40.4168,-3.7038,16.3,16.0,53,1.7,Patchy rain nearby,176,2026-03-27T21:59:01.055160
Miami,USA,25.7617,-80.1918,28.1,24.6,76,7.2,Sunny,113,2026-04-02T23:06:01.055200
Sao Paulo,Brazil,-23.5505,-46.6333,23.4,23.4,76,10.4,Cloudy,119,2026-03-24T13:56:01.055253
Tokyo,Japan,35.6895,139.6917,23.4,21.3,71,2.9,Overcast,122,2026-04-02T09:00:01.055292
London,UK,51.5074,-0.1278,14.3,15.3,84,13.7,Cloudy,119,2026-04-06T14:33:01.055331
Bogota,Colombia,4.711,-74.0721,23.1,24.5,93,4.9,Light rain,293,2026-03-27T22:24:01.055370
Bogota,Colombia,4.711,-74.0721,25.2,26.8,71,10.4,Sunny,113,2026-03-19T16:14:01.055408
Cartagena,Colombia,10.391,-75.4794,32.9,33.9,80,20.2,Sunny,113,2026-04-13T23:59:01.055446
Madrid,Spain,40.4168,-3.7038,23.4,23.4,40,7.5,Partly cloudy,116,2026-03-30T22:57:01.055488
Lima,Peru,-12.0464,-77.0428,13.1,14.9,71,13.9,Partly cloudy,116,2026-04-10T16:02:01.055527
Cartagena,Colombia,10.391,-75.4794,34.7,35.7,67,14.0,Light drizzle,266,2026-03-30T12:01:01.055566
Cali,Colombia,3.4516,-76.532,24.8,27.7,94,5.3,Cloudy,119,2026-03-20T09:18:01.055605
Barranquilla,Colombia,10.9685,-74.7813,34.9,38.9,79,12.2,Heavy rain,308,2026-04-05T13:06:01.055654
Tokyo,Japan,35.6895,139.6917,20.2,18.6,55,9.1,Partly cloudy,116,2026-04-05T14:12:01.055693
Bogota,Colombia,4.711,-74.0721,14.7,14.8,86,7.5,Overcast,122,2026-03-31T17:29:01.055733
Miami,USA,25.7617,-80.1918,23.5,26.6,92,25.3,Sunny,113,2026-03-16T23:26:01.055780
London,UK,51.5074,-0.1278,14.8,14.0,84,17.1,Cloudy,119,2026-03-17T00:40:01.055819
Barranquilla,Colombia,10.9685,-74.7813,31.8,31.8,84,12.7,Patchy rain nearby,176,2026-03-16T12:19:01.055859
Tokyo,Japan,35.6895,139.6917,34.3,36.5,96,2.8,Light rain,293,2026-04-07T15:55:01.055898
Tokyo,Japan,35.6895,139.6917,19.1,21.5,68,6.0,Light drizzle,266,2026-04-04T04:56:01.055937
Miami,USA,25.7617,-80.1918,27.6,27.5,97,12.0,Light rain,293,2026-04-10T11:45:01.055975
London,UK,51.5074,-0.1278,10.1,10.3,48,20.8,Sunny,113,2026-04-04T22:01:01.056014
Lima,Peru,-12.0464,-77.0428,15.8,14.8,54,19.7,Cloudy,119,2026-03-22T08:18:01.056062
Lima,Peru,-12.0464,-77.0428,22.3,20.1,78,12.6,Partly cloudy,116,2026-04-07T21:51:01.056101
Lima,Peru,-12.0464,-77.0428,21.4,20.7,77,8.0,Cloudy,119,2026-04-12T01:28:01.056140
Madrid,Spain,40.4168,-3.7038,17.6,16.8,42,3.9,Sunny,113,2026-03-20T05:14:01.056178
Madrid,Spain,40.4168,-3.7038,9.9,13.1,63,13.8,Partly cloudy,116,2026-04-13T07:47:01.056217
Miami,USA,25.7617,-80.1918,28.0,27.4,82,12.4,Overcast,122,2026-03-20T19:34:01.056255
Miami,USA,25.7617,-80.1918,28.4,28.1,83,15.4,Patchy rain nearby,176,2026-04-04T23:21:01.056293
Madrid,Spain,40.4168,-3.7038,14.8,14.9,65,2.0,Sunny,113,2026-03-26T23:22:01.056386
Lima,Peru,-12.0464,-77.0428,23.2,22.4,81,0.3,Sunny,113,2026-04-01T09:48:01.056453
Sao Paulo,Brazil,-23.5505,-46.6333,31.3,27.6,75,9.0,Thundery outbreaks,200,2026-04-09T21:03:01.056497
Cali,Colombia,3.4516,-76.532,34.1,34.8,84,8.6,Partly cloudy,116,2026-04-10T20:17:01.056554
Cartagena,Colombia,10.391,-75.4794,28.5,25.8,54,9.8,Overcast,122,2026-03-30T05:13:01.056594
London,UK,51.5074,-0.1278,14.4,15.5,75,10.0,Partly cloudy,116,2026-03-18T23:47:01.056634
Barranquilla,Colombia,10.9685,-74.7813,30.0,28.7,72,13.7,Light rain,293,2026-03-23T05:36:01.056673
Tokyo,Japan,35.6895,139.6917,23.6,24.9,56,5.8,Partly cloudy,116,2026-03-30T13:45:01.056711
Madrid,Spain,40.4168,-3.7038,19.1,20.3,72,3.9,Moderate rain,302,2026-04-11T00:29:01.056750
Bogota,Colombia,4.711,-74.0721,22.0,25.3,67,12.4,Cloudy,119,2026-03-24T02:35:01.056806
Bogota,Colombia,4.711,-74.0721,14.9,14.7,79,9.9,Heavy rain,308,2026-04-12T01:03:01.056846
Tokyo,Japan,35.6895,139.6917,20.9,20.9,69,13.9,Sunny,113,2026-04-10T17:37:01.056884
London,UK,51.5074,-0.1278,12.3,14.7,84,15.1,Cloudy,119,2026-03-26T16:30:01.056934
Lima,Peru,-12.0464,-77.0428,13.7,15.2,76,7.5,Light rain,293,2026-04-05T20:29:01.056995
Lima,Peru,-12.0464,-77.0428,18.5,18.2,65,16.5,Partly cloudy,116,2026-04-06T16:02:01.057034
Madrid,Spain,40.4168,-3.7038,19.0,18.7,48,9.4,Patchy snow showers,392,2026-03-25T19:57:01.057073
Lima,Peru,-12.0464,-77.0428,25.6,27.2,97,12.8,Patchy rain nearby,176,2026-04-11T03:29:01.057162
Miami,USA,25.7617,-80.1918,30.6,30.0,69,13.7,Partly cloudy,116,2026-03-31T04:16:01.057202
Miami,USA,25.7617,-80.1918,22.3,22.2,83,13.3,Overcast,122,2026-03-26T08:11:01.057240
Sao Paulo,Brazil,-23.5505,-46.6333,14.7,12.2,79,8.8,Partly cloudy,116,2026-04-14T20:21:01.057278
Cali,Colombia,3.4516,-76.532,26.4,25.6,71,14.6,Sunny,113,2026-04-12T10:58:01.057553
Miami,USA,25.7617,-80.1918,24.8,26.4,88,20.1,Light rain,293,2026-03-20T20:05:01.057625
Sao Paulo,Brazil,-23.5505,-46.6333,19.2,15.7,72,6.3,Sunny,113,2026-03-28T06:39:01.057668
Barranquilla,Colombia,10.9685,-74.7813,28.6,27.3,86,10.5,Heavy rain,308,2026-04-12T07:39:01.057723
London,UK,51.5074,-0.1278,18.4,19.8,60,14.8,Patchy rain nearby,176,2026-03-23T06:03:01.057764
Cartagena,Colombia,10.391,-75.4794,27.4,29.4,89,13.2,Cloudy,119,2026-03-21T10:50:01.057804
Barranquilla,Colombia,10.9685,-74.7813,25.8,23.1,60,7.3,Light drizzle,266,2026-04-13T00:36:01.057843
Barranquilla,Colombia,10.9685,-74.7813,33.8,33.2,70,9.4,Partly cloudy,116,2026-03-23T12:20:01.057881
Barranquilla,Colombia,10.9685,-74.7813,24.0,23.3,74,16.2,Partly cloudy,116,2026-03-31T12:21:01.057920
Medellin,Colombia,6.2442,-75.5812,21.1,22.2,70,12.8,Partly cloudy,116,2026-04-04T01:22:01.057970
London,UK,51.5074,-0.1278,19.8,18.3,79,16.4,Light drizzle,266,2026-04-11T12:08:01.058045
Sao Paulo,Brazil,-23.5505,-46.6333,29.8,29.6,62,10.5,Sunny,113,2026-04-09T06:30:01.058139
Cartagena,Colombia,10.391,-75.4794,24.7,24.9,97,25.1,Partly cloudy,116,2026-04-03T16:02:01.058282
Tokyo,Japan,35.6895,139.6917,20.3,18.1,56,13.4,Overcast,122,2026-04-09T12:44:01.058394
Lima,Peru,-12.0464,-77.0428,28.6,27.2,63,11.5,Overcast,122,2026-03-28T13:26:01.058455
Mexico City,Mexico,19.4326,-99.1332,25.3,26.9,72,16.0,Moderate rain,302,2026-03-24T16:06:01.058501
Medellin,Colombia,6.2442,-75.5812,18.1,18.0,84,6.2,Partly cloudy,116,2026-04-03T21:08:01.058541
Madrid,Spain,40.4168,-3.7038,13.8,14.0,65,6.1,Cloudy,119,2026-04-06T08:50:01.058592
Lima,Peru,-12.0464,-77.0428,20.1,19.0,69,6.6,Sunny,113,2026-04-11T15:36:01.058632
Madrid,Spain,40.4168,-3.7038,13.5,12.2,60,5.4,Cloudy,119,2026-03-16T15:47:01.058670
Madrid,Spain,40.4168,-3.7038,16.2,20.6,77,2.1,Cloudy,119,2026-04-07T01:38:01.058709
Cartagena,Colombia,10.391,-75.4794,35.8,38.3,100,19.2,Sunny,113,2026-04-06T06:54:01.058748
Lima,Peru,-12.0464,-77.0428,18.4,19.7,85,17.7,Sunny,113,2026-03-22T15:08:01.058789
Cartagena,Colombia,10.391,-75.4794,25.9,27.2,76,16.8,Moderate rain,302,2026-03-18T23:41:01.058839
Cartagena,Colombia,10.391,-75.4794,24.1,21.7,52,9.0,Sunny,113,2026-04-14T15:57:01.058878
Lima,Peru,-12.0464,-77.0428,17.6,17.2,66,17.7,Partly cloudy,116,2026-04-06T23:42:01.058917
Bogota,Colombia,4.711,-74.0721,25.2,25.0,66,13.2,Overcast,122,2026-03-23T10:49:01.058956
Barranquilla,Colombia,10.9685,-74.7813,33.9,32.7,88,8.7,Patchy rain nearby,176,2026-04-04T16:30:01.058994
Sao Paulo,Brazil,-23.5505,-46.6333,33.7,33.4,75,11.7,Sunny,113,2026-04-08T19:31:01.059033
London,UK,51.5074,-0.1278,17.6,17.0,78,9.5,Partly cloudy,116,2026-04-07T01:16:01.059071
Cartagena,Colombia,10.391,-75.4794,34.8,33.4,70,14.6,Patchy rain nearby,176,2026-04-05T22:44:01.059110
Lima,Peru,-12.0464,-77.0428,25.9,24.5,100,13.5,Overcast,122,2026-04-01T10:57:01.059149
Medellin,Colombia,6.2442,-75.5812,19.3,20.9,51,9.1,Cloudy,119,2026-04-15T11:18:01.059188
Tokyo,Japan,35.6895,139.6917,24.2,26.4,73,16.6,Sunny,113,2026-04-11T12:03:01.059236
Mexico City,Mexico,19.4326,-99.1332,22.8,19.5,59,4.7,Partly cloudy,116,2026-03-27T02:26:01.059283
London,UK,51.5074,-0.1278,13.0,8.7,58,1.9,Moderate rain,302,2026-04-11T03:33:01.059322
Tokyo,Japan,35.6895,139.6917,20.2,20.5,61,10.1,Partly cloudy,116,2026-04-08T14:17:01.059361
Miami,USA,25.7617,-80.1918,29.7,33.6,78,9.7,Partly cloudy,116,2026-04-04T17:54:01.059399
Cartagena,Colombia,10.391,-75.4794,31.2,30.7,59,13.4,Moderate rain,302,2026-04-11T05:48:01.059438
Miami,USA,25.7617,-80.1918,31.9,31.4,94,12.5,Cloudy,119,2026-04-13T15:35:01.059476
Mexico City,Mexico,19.4326,-99.1332,29.2,28.6,55,17.3,Partly cloudy,116,2026-04-12T07:35:01.059514
Cartagena,Colombia,10.391,-75.4794,42.2,43.2,80,11.7,Partly cloudy,116,2026-04-06T06:01:01.059552
Mexico City,Mexico,19.4326,-99.1332,21.8,21.5,63,12.4,Moderate rain,302,2026-04-03T07:17:01.059591
Sao Paulo,Brazil,-23.5505,-46.6333,24.2,25.0,71,7.2,Partly cloudy,116,2026-04-02T00:49:01.059639
Miami,USA,25.7617,-80.1918,34.9,35.7,70,18.0,Sunny,113,2026-04-08T20:48:01.059679
London,UK,51.5074,-0.1278,11.0,11.4,82,12.1,Patchy snow showers,392,2026-04-13T18:41:01.059796
Barranquilla,Colombia,10.9685,-74.7813,23.9,22.5,83,12.2,Sunny,113,2026-04-15T16:35:01.059842
London,UK,51.5074,-0.1278,15.2,13.2,69,6.9,Heavy rain,308,2026-03-29T06:07:01.059887
Sao Paulo,Brazil,-23.5505,-46.6333,25.9,24.6,96,4.6,Overcast,122,2026-04-14T10:00:01.059926
Mexico City,Mexico,19.4326,-99.1332,23.4,22.3,81,4.4,Patchy rain nearby,176,2026-04-13T00:22:01.059978
Cartagena,Colombia,10.391,-75.4794,38.4,40.3,84,13.1,Sunny,113,2026-03-26T04:59:01.060018
Medellin,Colombia,6.2442,-75.5812,26.1,26.0,82,6.4,Sunny,113,2026-03-27T17:12:01.060132
Bogota,Colombia,4.711,-74.0721,18.6,16.9,97,10.8,Overcast,122,2026-04-12T16:54:01.060198
Mexico City,Mexico,19.4326,-99.1332,18.4,22.0,75,14.2,Partly cloudy,116,2026-03-19T18:43:01.060665
Lima,Peru,-12.0464,-77.0428,21.0,21.7,80,13.1,Cloudy,119,2026-03-24T18:24:01.060867
Lima,Peru,-12.0464,-77.0428,23.5,23.6,95,17.1,Patchy rain nearby,176,2026-03-27T05:26:01.060928
Barranquilla,Colombia,10.9685,-74.7813,30.6,31.3,85,8.3,Partly cloudy,116,2026-04-03T01:40:01.060971
Barranquilla,Colombia,10.9685,-74.7813,28.3,32.5,85,3.7,Overcast,122,2026-04-08T16:32:01.061012
Miami,USA,25.7617,-80.1918,32.2,31.9,77,11.1,Patchy rain nearby,176,2026-04-07T09:14:01.061060
Miami,USA,25.7617,-80.1918,25.1,22.4,58,7.0,Overcast,122,2026-04-09T03:33:01.061209
Barranquilla,Colombia,10.9685,-74.7813,19.6,19.2,68,10.6,Patchy snow showers,392,2026-03-25T03:21:01.061294
Medellin,Colombia,6.2442,-75.5812,25.4,28.1,69,0.3,Cloudy,119,2026-04-11T00:17:01.061340
Cali,Colombia,3.4516,-76.532,33.7,29.9,74,15.0,Partly cloudy,116,2026-04-03T03:04:01.061381
Madrid,Spain,40.4168,-3.7038,16.0,17.5,51,11.8,Sunny,113,2026-04-02T10:47:01.061447
Madrid,Spain,40.4168,-3.7038,18.5,17.1,49,9.0,Sunny,113,2026-03-20T03:44:01.061498
Cartagena,Colombia,10.391,-75.4794,26.5,29.3,89,7.9,Light drizzle,266,2026-03-25T22:39:01.061540
Bogota,Colombia,4.711,-74.0721,9.2,12.9,82,9.1,Patchy rain nearby,176,2026-03-22T08:51:01.061580
Cartagena,Colombia,10.391,-75.4794,35.4,33.5,80,11.7,Partly cloudy,116,2026-04-13T02:34:01.061622
Tokyo,Japan,35.6895,139.6917,26.4,23.9,66,4.0,Patchy rain nearby,176,2026-04-07T13:53:01.061733
London,UK,51.5074,-0.1278,15.9,16.7,93,2.9,Sunny,113,2026-04-09T10:40:01.061792
London,UK,51.5074,-0.1278,14.9,13.7,57,17.7,Cloudy,119,2026-04-05T04:05:01.061834
Medellin,Colombia,6.2442,-75.5812,25.9,24.4,47,5.9,Moderate rain,302,2026-04-13T18:34:01.061875
Cali,Colombia,3.4516,-76.532,21.7,19.8,71,12.6,Thundery outbreaks,200,2026-03-16T11:37:01.062006
Cartagena,Colombia,10.391,-75.4794,31.7,29.6,71,4.1,Patchy rain nearby,176,2026-04-11T03:24:01.062080
Cartagena,Colombia,10.391,-75.4794,23.1,17.9,76,18.5,Thundery outbreaks,200,2026-04-05T14:12:01.062123
London,UK,51.5074,-0.1278,7.8,8.5,67,13.7,Overcast,122,2026-04-11T07:00:01.062163
Tokyo,Japan,35.6895,139.6917,18.9,21.2,68,3.3,Thundery outbreaks,200,2026-04-04T21:59:01.062201
Cali,Colombia,3.4516,-76.532,26.1,25.9,81,10.5,Light rain,293,2026-04-09T03:15:01.062251
Cali,Colombia,3.4516,-76.532,24.7,23.7,74,0.4,Cloudy,119,2026-04-13T02:29:01.062291
Mexico City,Mexico,19.4326,-99.1332,25.2,26.5,83,12.3,Patchy snow showers,392,2026-03-29T13:19:01.062331
Miami,USA,25.7617,-80.1918,32.1,32.3,86,10.8,Light rain,293,2026-04-08T16:34:01.062370
Cali,Colombia,3.4516,-76.532,25.8,24.3,59,8.3,Sunny,113,2026-04-08T11:31:01.062408
Tokyo,Japan,35.6895,139.6917,23.2,19.8,62,7.3,Overcast,122,2026-03-30T08:41:01.062446
London,UK,51.5074,-0.1278,12.4,10.3,69,11.8,Patchy rain nearby,176,2026-04-03T02:18:01.062509
Mexico City,Mexico,19.4326,-99.1332,18.1,18.8,71,5.6,Heavy rain,308,2026-04-05T22:02:01.062548
Mexico City,Mexico,19.4326,-99.1332,22.8,24.0,76,8.7,Light rain,293,2026-03-16T14:58:01.062588
Cali,Colombia,3.4516,-76.532,27.5,26.0,78,5.3,Partly cloudy,116,2026-03-23T13:43:01.062627
Lima,Peru,-12.0464,-77.0428,23.5,23.2,95,16.2,Light rain,293,2026-03-30T07:04:01.062667
Madrid,Spain,40.4168,-3.7038,15.7,13.5,72,7.4,Sunny,113,2026-04-09T13:59:01.062705
Mexico City,Mexico,19.4326,-99.1332,31.4,30.2,52,14.4,Patchy rain nearby,176,2026-04-04T12:35:01.062743
Madrid,Spain,40.4168,-3.7038,22.8,23.6,42,15.5,Partly cloudy,116,2026-03-29T20:43:01.062781
Barranquilla,Colombia,10.9685,-74.7813,30.4,30.4,87,11.9,Patchy rain nearby,176,2026-03-23T08:14:01.062820
Cali,Colombia,3.4516,-76.532,35.9,34.0,50,1.7,Cloudy,119,2026-04-06T18:45:01.062858
Sao Paulo,Brazil,-23.5505,-46.6333,32.2,31.6,93,12.0,Cloudy,119,2026-04-10T04:04:01.062905
Miami,USA,25.7617,-80.1918,25.7,28.9,96,20.7,Sunny,113,2026-04-10T23:57:01.062944
Cartagena,Colombia,10.391,-75.4794,29.6,28.4,98,13.8,Light rain,293,2026-03-19T07:29:01.062983
Sao Paulo,Brazil,-23.5505,-46.6333,24.4,23.5,98,11.5,Cloudy,119,2026-04-11T23:22:01.063020
Cali,Colombia,3.4516,-76.532,23.1,24.2,62,1.4,Cloudy,119,2026-03-28T08:50:01.063058
Mexico City,Mexico,19.4326,-99.1332,17.2,15.2,61,6.5,Partly cloudy,116,2026-03-17T18:08:01.063097
Bogota,Colombia,4.711,-74.0721,20.8,24.0,71,13.3,Sunny,113,2026-04-01T11:27:01.063135
London,UK,51.5074,-0.1278,15.2,17.0,69,15.8,Moderate rain,302,2026-03-24T15:39:01.063174
Cartagena,Colombia,10.391,-75.4794,29.5,28.1,86,8.5,Patchy rain nearby,176,2026-03-28T05:46:01.063213
Bogota,Colombia,4.711,-74.0721,16.6,16.2,85,6.0,Patchy snow showers,392,2026-04-10T21:40:01.063252
Sao Paulo,Brazil,-23.5505,-46.6333,29.4,29.5,81,14.1,Light rain,293,2026-04-15T12:13:01.063300
Lima,Peru,-12.0464,-77.0428,18.5,20.8,70,9.8,Partly cloudy,116,2026-04-06T14:04:01.063339
Mexico City,Mexico,19.4326,-99.1332,22.3,21.2,59,7.4,Patchy rain nearby,176,2026-04-04T00:47:01.063377
Bogota,Colombia,4.711,-74.0721,13.4,12.2,74,7.1,Sunny,113,2026-03-19T16:18:01.063415
Bogota,Colombia,4.711,-74.0721,16.9,19.5,79,2.2,Partly cloudy,116,2026-03-29T08:24:01.063453
Cali,Colombia,3.4516,-76.532,23.4,27.3,83,5.3,Overcast,122,2026-03-31T02:22:01.063492
Bogota,Colombia,4.711,-74.0721,24.0,23.0,98,3.5,Cloudy,119,2026-04-11T11:34:01.063529
Miami,USA,25.7617,-80.1918,25.4,27.6,68,10.7,Light rain,293,2026-03-18T12:01:01.063568
Tokyo,Japan,35.6895,139.6917,20.6,20.1,37,9.1,Light drizzle,266,2026-03-28T04:11:01.063606
Madrid,Spain,40.4168,-3.7038,11.6,11.0,42,11.2,Partly cloudy,116,2026-04-07T13:04:01.063645
Medellin,Colombia,6.2442,-75.5812,20.5,21.0,76,1.0,Partly cloudy,116,2026-04-08T12:26:01.063693
Madrid,Spain,40.4168,-3.7038,8.0,10.0,54,11.8,Patchy snow showers,392,2026-03-19T13:00:01.063733
Miami,USA,25.7617,-80.1918,26.5,25.8,99,16.2,Cloudy,119,2026-04-10T21:19:01.063857
Lima,Peru,-12.0464,-77.0428,20.7,21.1,84,8.5,Light drizzle,266,2026-03-19T04:03:01.063911
Cartagena,Colombia,10.391,-75.4794,41.2,41.3,78,11.3,Partly cloudy,116,2026-03-19T03:48:01.063952
Barranquilla,Colombia,10.9685,-74.7813,29.2,28.6,95,0.2,Light drizzle,266,2026-04-07T06:51:01.063992
Medellin,Colombia,6.2442,-75.5812,13.2,16.7,84,9.4,Cloudy,119,2026-03-26T03:02:01.064048
Lima,Peru,-12.0464,-77.0428,24.9,27.5,92,15.7,Sunny,113,2026-04-10T21:51:01.064099
Medellin,Colombia,6.2442,-75.5812,23.4,26.6,66,11.8,Patchy rain nearby,176,2026-03-25T17:14:01.064151
Bogota,Colombia,4.711,-74.0721,17.5,16.4,85,10.2,Partly cloudy,116,2026-04-13T17:47:01.064192
Cartagena,Colombia,10.391,-75.4794,28.7,25.8,99,17.3,Moderate rain,302,2026-03-27T09:16:01.064242
Medellin,Colombia,6.2442,-75.5812,24.4,25.5,59,1.5,Light rain,293,2026-04-03T23:12:01.064281
Cartagena,Colombia,10.391,-75.4794,33.9,36.4,100,13.7,Partly cloudy,116,2026-03-29T08:15:01.064320
Barranquilla,Colombia,10.9685,-74.7813,31.2,28.9,67,14.4,Partly cloudy,116,2026-03-30T08:55:01.064358
Medellin,Colombia,6.2442,-75.5812,16.6,15.0,73,12.6,Sunny,113,2026-03-30T05:06:01.064407
London,UK,51.5074,-0.1278,11.1,10.7,73,14.2,Patchy rain nearby,176,2026-04-14T03:49:01.064447
Cali,Colombia,3.4516,-76.532,30.8,31.6,67,9.7,Cloudy,119,2026-03-23T07:12:01.064486
Mexico City,Mexico,19.4326,-99.1332,19.3,19.2,65,12.9,Patchy rain nearby,176,2026-04-01T14:58:01.064527
Sao Paulo,Brazil,-23.5505,-46.6333,22.6,22.4,88,14.7,Patchy rain nearby,176,2026-04-11T13:58:01.064565
Medellin,Colombia,6.2442,-75.5812,18.6,19.1,65,9.0,Partly cloudy,116,2026-03-21T03:07:01.064604
Cartagena,Colombia,10.391,-75.4794,28.5,25.7,77,13.1,Moderate rain,302,2026-03-18T20:08:01.064652
Madrid,Spain,40.4168,-3.7038,23.0,23.5,83,8.1,Sunny,113,2026-03-26T14:10:01.064692
Mexico City,Mexico,19.4326,-99.1332,23.2,21.7,71,10.9,Sunny,113,2026-03-28T20:36:01.064731
Tokyo,Japan,35.6895,139.6917,24.9,26.2,51,5.1,Cloudy,119,2026-04-14T13:59:01.064769
Medellin,Colombia,6.2442,-75.5812,18.9,17.2,76,8.9,Sunny,113,2026-04-13T14:35:01.064829
Miami,USA,25.7617,-80.1918,28.8,27.0,79,9.7,Patchy rain nearby,176,2026-03-26T15:31:01.064868
Madrid,Spain,40.4168,-3.7038,21.6,20.1,44,8.9,Moderate rain,302,2026-04-07T18:08:01.064907
Tokyo,Japan,35.6895,139.6917,21.0,21.4,54,14.9,Sunny,113,2026-03-29T13:02:01.064946
Medellin,Colombia,6.2442,-75.5812,19.2,21.1,55,11.5,Moderate rain,302,2026-03-16T17:56:01.064985
Madrid,Spain,40.4168,-3.7038,17.5,19.5,47,4.9,Sunny,113,2026-04-03T18:50:01.065024
Bogota,Colombia,4.711,-74.0721,19.7,21.4,70,10.3,Patchy rain nearby,176,2026-03-26T17:50:01.065074
Sao Paulo,Brazil,-23.5505,-46.6333,27.3,30.9,82,11.8,Heavy rain,308,2026-04-08T18:35:01.065159
Barranquilla,Colombia,10.9685,-74.7813,30.2,27.5,80,13.0,Light drizzle,266,2026-04-11T19:32:01.065199
Cali,Colombia,3.4516,-76.532,29.8,27.4,63,14.3,Moderate rain,302,2026-04-06T00:12:01.065239
Barranquilla,Colombia,10.9685,-74.7813,31.5,29.6,100,15.9,Light rain,293,2026-04-09T04:41:01.065281
Miami,USA,25.7617,-80.1918,28.8,31.2,75,12.4,Sunny,113,2026-04-05T16:59:01.065320
Madrid,Spain,40.4168,-3.7038,14.9,15.1,47,7.2,Light rain,293,2026-03-20T14:01:01.065362
Cali,Colombia,3.4516,-76.532,21.6,24.7,70,2.2,Sunny,113,2026-03-17T11:25:01.065401
Mexico City,Mexico,19.4326,-99.1332,25.3,26.1,79,6.5,Overcast,122,2026-04-04T16:40:01.065440
Sao Paulo,Brazil,-23.5505,-46.6333,24.1,26.1,77,11.7,Heavy rain,308,2026-03-16T01:12:01.065479
Tokyo,Japan,35.6895,139.6917,22.9,24.3,65,10.1,Light rain,293,2026-03-23T20:09:01.065747
Sao Paulo,Brazil,-23.5505,-46.6333,22.7,22.3,78,3.9,Cloudy,119,2026-04-07T05:21:01.065862
Cali,Colombia,3.4516,-76.532,20.2,19.6,42,7.8,Sunny,113,2026-03-29T19:34:01.065925
Bogota,Colombia,4.711,-74.0721,19.2,16.8,75,8.7,Moderate rain,302,2026-04-03T12:55:01.065968
Lima,Peru,-12.0464,-77.0428,16.0,16.2,84,15.3,Partly cloudy,116,2026-04-06T22:32:01.066008
Barranquilla,Colombia,10.9685,-74.7813,31.2,32.3,94,16.1,Cloudy,119,2026-03-25T23:13:01.066047
Cali,Colombia,3.4516,-76.532,30.8,33.3,76,15.6,Patchy rain nearby,176,2026-03-25T23:00:01.066085
Tokyo,Japan,35.6895,139.6917,23.4,23.7,78,9.5,Partly cloudy,116,2026-03-28T20:25:01.066122
Madrid,Spain,40.4168,-3.7038,17.7,16.7,52,5.1,Overcast,122,2026-04-06T00:28:01.066160
Cartagena,Colombia,10.391,-75.4794,30.7,30.5,76,12.1,Light rain,293,2026-03-19T11:41:01.066216
Sao Paulo,Brazil,-23.5505,-46.6333,26.1,24.5,73,12.0,Overcast,122,2026-04-01T13:09:01.066287
Lima,Peru,-12.0464,-77.0428,10.1,11.7,92,10.6,Cloudy,119,2026-04-05T08:43:01.066326
Medellin,Colombia,6.2442,-75.5812,24.9,25.0,64,10.0,Partly cloudy,116,2026-03-28T00:04:01.066364
London,UK,51.5074,-0.1278,17.7,19.8,70,7.8,Partly cloudy,116,2026-04-05T09:42:01.066403
Sao Paulo,Brazil,-23.5505,-46.6333,23.6,21.0,47,17.4,Overcast,122,2026-03-28T16:33:01.066442
Bogota,Colombia,4.711,-74.0721,18.7,21.0,55,9.1,Cloudy,119,2026-04-10T16:07:01.066480
Lima,Peru,-12.0464,-77.0428,27.0,27.7,72,11.7,Light drizzle,266,2026-03-28T09:25:01.066518
Bogota,Colombia,4.711,-74.0721,19.0,20.2,85,7.3,Cloudy,119,2026-04-12T21:49:01.066566
Cartagena,Colombia,10.391,-75.4794,27.6,27.3,66,3.1,Partly cloudy,116,2026-03-26T12:20:01.066605
Sao Paulo,Brazil,-23.5505,-46.6333,26.8,29.9,67,0.9,Overcast,122,2026-04-08T00:25:01.066643
Mexico City,Mexico,19.4326,-99.1332,25.2,25.4,49,13.7,Heavy rain,308,2026-03-26T01:02:01.066691
Miami,USA,25.7617,-80.1918,36.5,36.4,73,10.0,Overcast,122,2026-04-15T13:28:01.066730
Cartagena,Colombia,10.391,-75.4794,28.1,27.8,100,13.7,Patchy rain nearby,176,2026-04-08T03:16:01.066768
Madrid,Spain,40.4168,-3.7038,8.8,10.3,66,6.5,Sunny,113,2026-04-01T02:19:01.066806
Miami,USA,25.7617,-80.1918,30.2,27.4,71,20.2,Sunny,113,2026-04-01T09:07:01.066844
Madrid,Spain,40.4168,-3.7038,12.3,10.0,49,10.9,Overcast,122,2026-04-12T00:52:01.066882
Mexico City,Mexico,19.4326,-99.1332,26.7,27.9,61,15.6,Moderate rain,302,2026-03-19T19:13:01.066921
Barranquilla,Colombia,10.9685,-74.7813,27.2,27.5,56,10.7,Sunny,113,2026-03-29T13:41:01.066958
London,UK,51.5074,-0.1278,19.5,23.1,58,17.5,Sunny,113,2026-04-13T19:24:01.066996
Barranquilla,Colombia,10.9685,-74.7813,27.1,26.9,66,8.1,Sunny,113,2026-03-21T12:20:01.067034
Lima,Peru,-12.0464,-77.0428,18.8,19.9,100,6.2,Partly cloudy,116,2026-03-31T03:11:01.067095
Barranquilla,Colombia,10.9685,-74.7813,33.0,32.0,76,9.0,Heavy rain,308,2026-04-08T11:03:01.067134
Cali,Colombia,3.4516,-76.532,28.2,31.0,57,2.8,Overcast,122,2026-04-01T23:38:01.067173
Bogota,Colombia,4.711,-74.0721,16.0,16.3,79,14.3,Light rain,293,2026-04-04T00:36:01.067211
Madrid,Spain,40.4168,-3.7038,16.5,19.2,69,12.2,Heavy rain,308,2026-03-20T15:18:01.067249
Cali,Colombia,3.4516,-76.532,28.2,28.2,70,7.9,Light rain,293,2026-04-10T20:43:01.067288
Sao Paulo,Brazil,-23.5505,-46.6333,25.4,22.5,74,13.2,Sunny,113,2026-04-14T07:36:01.067327
Mexico City,Mexico,19.4326,-99.1332,18.3,17.2,50,11.5,Overcast,122,2026-04-07T13:23:01.067366
Bogota,Colombia,4.711,-74.0721,17.8,17.4,87,12.5,Partly cloudy,116,2026-04-14T18:48:01.067413
Bogota,Colombia,4.711,-74.0721,10.9,13.5,48,14.1,Patchy rain nearby,176,2026-03-17T22:19:01.067519
Sao Paulo,Brazil,-23.5505,-46.6333,23.9,21.7,70,14.9,Partly cloudy,116,2026-03-23T04:01:01.067594
Tokyo,Japan,35.6895,139.6917,29.8,28.7,63,0.0,Patchy rain nearby,176,2026-04-09T10:25:01.067638
Sao Paulo,Brazil,-23.5505,-46.6333,27.5,27.3,100,3.5,Light rain,293,2026-03-16T11:40:01.067678
Sao Paulo,Brazil,-23.5505,-46.6333,31.1,33.0,88,18.1,Partly cloudy,116,2026-04-08T13:57:01.067726
Medellin,Colombia,6.2442,-75.5812,16.7,13.0,62,16.4,Sunny,113,2026-03-24T00:26:01.067783
Madrid,Spain,40.4168,-3.7038,20.6,21.5,72,6.4,Overcast,122,2026-04-07T00:48:01.067959
Mexico City,Mexico,19.4326,-99.1332,19.8,21.8,65,20.6,Partly cloudy,116,2026-03-18T17:29:01.068054
Cali,Colombia,3.4516,-76.532,22.7,19.9,70,6.1,Patchy snow showers,392,2026-03-23T16:35:01.068107
Madrid,Spain,40.4168,-3.7038,20.4,21.1,39,3.4,Moderate rain,302,2026-04-08T11:32:01.068155
Mexico City,Mexico,19.4326,-99.1332,28.2,26.5,72,6.9,Light drizzle,266,2026-03-21T07:50:01.068202
Sao Paulo,Brazil,-23.5505,-46.6333,18.9,17.8,58,18.8,Thundery outbreaks,200,2026-03-20T02:10:01.068278
Medellin,Colombia,6.2442,-75.5812,23.3,21.7,76,8.6,Overcast,122,2026-03-22T14:56:01.068334
Lima,Peru,-12.0464,-77.0428,16.4,13.6,63,9.4,Sunny,113,2026-04-15T12:13:01.068380
Lima,Peru,-12.0464,-77.0428,17.1,16.8,72,11.4,Cloudy,119,2026-04-12T03:16:01.068425
Mexico City,Mexico,19.4326,-99.1332,26.9,23.1,70,24.2,Cloudy,119,2026-04-05T21:51:01.068469
Tokyo,Japan,35.6895,139.6917,22.1,20.4,63,5.7,Light rain,293,2026-04-12T21:50:01.068514
Bogota,Colombia,4.711,-74.0721,21.9,24.2,81,18.7,Moderate rain,302,2026-04-15T04:11:01.068558
Tokyo,Japan,35.6895,139.6917,22.4,22.6,77,10.3,Patchy rain nearby,176,2026-04-01T04:06:01.068603
Medellin,Colombia,6.2442,-75.5812,15.0,14.9,82,11.6,Patchy snow showers,392,2026-04-07T12:59:01.068649
Miami,USA,25.7617,-80.1918,18.6,23.0,94,8.0,Moderate rain,302,2026-03-21T15:18:01.068694
Mexico City,Mexico,19.4326,-99.1332,22.8,26.1,80,12.7,Partly cloudy,116,2026-03-31T14:45:01.068749
Lima,Peru,-12.0464,-77.0428,20.8,20.8,73,20.6,Cloudy,119,2026-04-07T16:11:01.068907
Tokyo,Japan,35.6895,139.6917,22.6,20.5,73,18.6,Partly cloudy,116,2026-03-30T01:37:01.068981
Sao Paulo,Brazil,-23.5505,-46.6333,35.5,36.5,75,5.1,Partly cloudy,116,2026-03-17T06:29:01.069030
Tokyo,Japan,35.6895,139.6917,22.5,21.6,61,13.8,Partly cloudy,116,2026-04-10T12:27:01.069077
Cali,Colombia,3.4516,-76.532,17.1,21.7,100,17.3,Patchy rain nearby,176,2026-03-31T19:03:01.069178
London,UK,51.5074,-0.1278,12.3,12.4,43,13.0,Sunny,113,2026-03-18T04:48:01.069225
Tokyo,Japan,35.6895,139.6917,19.8,19.0,46,6.0,Overcast,122,2026-04-14T10:30:01.069265
Madrid,Spain,40.4168,-3.7038,18.9,16.9,59,1.7,Light drizzle,266,2026-03-30T17:12:01.069319
Lima,Peru,-12.0464,-77.0428,16.3,16.1,77,14.4,Patchy rain nearby,176,2026-03-28T06:07:01.069358
Barranquilla,Colombia,10.9685,-74.7813,24.4,26.6,83,8.9,Cloudy,119,2026-03-31T20:01:01.069406
Mexico City,Mexico,19.4326,-99.1332,28.9,23.5,67,11.0,Partly cloudy,116,2026-04-05T23:52:01.069445
Sao Paulo,Brazil,-23.5505,-46.6333,27.0,28.6,91,8.0,Sunny,113,2026-03-21T16:42:01.069551
Sao Paulo,Brazil,-23.5505,-46.6333,15.2,15.5,81,16.8,Light rain,293,2026-03-17T02:25:01.069610
Barranquilla,Colombia,10.9685,-74.7813,29.2,27.6,68,5.8,Patchy rain nearby,176,2026-03-26T15:43:01.069653
Madrid,Spain,40.4168,-3.7038,16.6,19.2,62,8.5,Partly cloudy,116,2026-03-16T23:42:01.069693
Sao Paulo,Brazil,-23.5505,-46.6333,19.6,20.6,76,21.2,Moderate rain,302,2026-03-27T16:08:01.069732
Miami,USA,25.7617,-80.1918,28.7,28.3,69,12.7,Cloudy,119,2026-04-03T18:31:01.069771
Miami,USA,25.7617,-80.1918,39.1,39.4,68,16.1,Partly cloudy,116,2026-04-13T18:26:01.069809
Cali,Colombia,3.4516,-76.532,22.4,24.6,84,1.3,Light rain,293,2026-03-21T04:36:01.069848
Miami,USA,25.7617,-80.1918,24.3,24.3,84,19.2,Overcast,122,2026-03-19T07:32:01.069903
Barranquilla,Colombia,10.9685,-74.7813,26.9,28.3,79,12.3,Sunny,113,2026-04-07T05:34:01.069943
Miami,USA,25.7617,-80.1918,33.6,31.3,60,10.2,Patchy rain nearby,176,2026-03-20T10:09:01.069982
Bogota,Colombia,4.711,-74.0721,12.5,12.3,70,17.0,Overcast,122,2026-03-16T12:03:01.070021
Tokyo,Japan,35.6895,139.6917,21.5,19.7,27,10.9,Sunny,113,2026-03-26T07:45:01.070059
Mexico City,Mexico,19.4326,-99.1332,19.2,22.8,70,8.8,Sunny,113,2026-04-13T07:20:01.070098
Cartagena,Colombia,10.391,-75.4794,28.5,29.2,84,10.7,Partly cloudy,116,2026-04-04T09:55:01.070141
Lima,Peru,-12.0464,-77.0428,27.7,32.0,62,7.7,Partly cloudy,116,2026-03-25T13:14:01.070181
Miami,USA,25.7617,-80.1918,28.0,27.5,99,8.8,Light rain,293,2026-03-28T11:23:01.070220
Cali,Colombia,3.4516,-76.532,23.6,23.7,77,9.9,Partly cloudy,116,2026-04-02T04:55:01.070258
Tokyo,Japan,35.6895,139.6917,14.6,16.4,61,10.7,Partly cloudy,116,2026-03-27T05:46:01.070307
Medellin,Colombia,6.2442,-75.5812,22.1,25.0,77,7.9,Light drizzle,266,2026-04-08T06:11:01.070347
Madrid,Spain,40.4168,-3.7038,21.8,20.2,60,4.1,Cloudy,119,2026-04-06T10:09:01.070386
Lima,Peru,-12.0464,-77.0428,17.6,20.3,88,7.2,Heavy rain,308,2026-04-04T12:56:01.070424
London,UK,51.5074,-0.1278,11.1,11.9,60,7.3,Patchy rain nearby,176,2026-03-19T06:45:01.070472
Tokyo,Japan,35.6895,139.6917,24.4,26.0,82,15.6,Overcast,122,2026-03-29T02:17:01.070512
Miami,USA,25.7617,-80.1918,25.1,23.2,71,9.5,Cloudy,119,2026-03-31T10:15:01.070551
London,UK,51.5074,-0.1278,14.9,15.5,68,6.7,Sunny,113,2026-04-05T16:27:01.070590
London,UK,51.5074,-0.1278,18.4,15.9,78,14.4,Cloudy,119,2026-03-17T14:42:01.070629
Cali,Colombia,3.4516,-76.532,24.0,24.1,75,8.4,Cloudy,119,2026-04-12T08:46:01.070667
Tokyo,Japan,35.6895,139.6917,23.1,23.6,56,5.9,Patchy rain nearby,176,2026-04-07T06:25:01.070921
Bogota,Colombia,4.711,-74.0721,23.7,22.9,53,1.3,Cloudy,119,2026-04-08T08:08:01.070998
Bogota,Colombia,4.711,-74.0721,18.6,15.3,96,14.7,Overcast,122,2026-03-24T23:16:01.071082
Sao Paulo,Brazil,-23.5505,-46.6333,21.6,19.8,96,7.1,Overcast,122,2026-04-09T16:25:01.071137
Medellin,Colombia,6.2442,-75.5812,26.8,27.9,66,7.8,Light rain,293,2026-03-21T05:41:01.071180
Madrid,Spain,40.4168,-3.7038,23.0,24.8,74,9.4,Patchy rain nearby,176,2026-03-16T16:40:01.071220
Bogota,Colombia,4.711,-74.0721,18.0,17.2,66,12.9,Sunny,113,2026-03-25T21:55:01.071357
Miami,USA,25.7617,-80.1918,30.9,30.9,92,12.7,Cloudy,119,2026-03-24T11:15:01.071440
Sao Paulo,Brazil,-23.5505,-46.6333,23.3,26.5,76,7.9,Patchy rain nearby,176,2026-03-28T11:36:01.071485
Miami,USA,25.7617,-80.1918,25.9,23.2,74,17.3,Patchy rain nearby,176,2026-03-17T03:48:01.071525
Medellin,Colombia,6.2442,-75.5812,22.0,17.2,78,2.4,Partly cloudy,116,2026-03-17T05:22:01.071583
Mexico City,Mexico,19.4326,-99.1332,25.0,24.8,95,14.4,Cloudy,119,2026-04-10T16:28:01.071623
Madrid,Spain,40.4168,-3.7038,19.6,21.2,44,11.9,Light drizzle,266,2026-04-04T23:48:01.071662
Barranquilla,Colombia,10.9685,-74.7813,25.6,27.6,84,7.7,Cloudy,119,2026-03-26T19:02:01.071700
Mexico City,Mexico,19.4326,-99.1332,21.0,19.3,74,13.0,Cloudy,119,2026-04-15T19:28:01.071738
Cartagena,Colombia,10.391,-75.4794,28.0,29.5,93,20.2,Patchy rain nearby,176,2026-04-07T10:46:01.071777
Medellin,Colombia,6.2442,-75.5812,25.1,25.0,63,10.3,Overcast,122,2026-03-26T01:27:01.071815
London,UK,51.5074,-0.1278,8.1,7.7,59,12.5,Moderate rain,302,2026-04-11T03:12:01.071853
Cartagena,Colombia,10.391,-75.4794,24.8,24.8,99,13.6,Light rain,293,2026-03-30T22:56:01.071892
Tokyo,Japan,35.6895,139.6917,23.8,21.1,76,1.6,Patchy rain nearby,176,2026-04-12T02:18:01.071940
Mexico City,Mexico,19.4326,-99.1332,28.7,25.9,73,4.8,Partly cloudy,116,2026-03-28T19:05:01.071999
Cali,Colombia,3.4516,-76.532,29.4,28.5,91,5.7,Thundery outbreaks,200,2026-04-13T04:28:01.072039
Lima,Peru,-12.0464,-77.0428,12.3,10.2,100,14.8,Cloudy,119,2026-04-11T10:11:01.072079
Cali,Colombia,3.4516,-76.532,23.5,22.6,71,2.7,Sunny,113,2026-03-25T01:00:01.072117
Madrid,Spain,40.4168,-3.7038,16.3,12.7,58,9.1,Partly cloudy,116,2026-04-07T22:27:01.072155
Bogota,Colombia,4.711,-74.0721,20.5,18.9,94,18.3,Partly cloudy,116,2026-03-20T07:03:01.072194
Cali,Colombia,3.4516,-76.532,23.8,25.6,93,17.6,Heavy rain,308,2026-04-11T10:29:01.072232
Mexico City,Mexico,19.4326,-99.1332,21.7,19.2,77,16.9,Patchy rain nearby,176,2026-04-10T14:39:01.072270
Sao Paulo,Brazil,-23.5505,-46.6333,17.3,15.8,88,6.7,Partly cloudy,116,2026-04-01T09:56:01.072309
Medellin,Colombia,6.2442,-75.5812,23.9,24.7,57,1.9,Partly cloudy,116,2026-03-26T20:40:01.072347
Sao Paulo,Brazil,-23.5505,-46.6333,24.4,25.1,90,1.9,Overcast,122,2026-04-07T06:38:01.072396
Cartagena,Colombia,10.391,-75.4794,28.8,32.3,83,13.6,Overcast,122,2026-03-25T08:07:01.072435
Medellin,Colombia,6.2442,-75.5812,22.4,21.9,88,9.6,Patchy rain nearby,176,2026-03-29T03:46:01.072474
